3.061616997868383e-17, -4.592425496802574e-17, -1.5707963267948966
0.0037875724431430478, -0.005681195665538475, -1.5632213267948964
0.0075005625031615356, -0.011249578058551965, -1.5557963267948967
0.011251898461484241, -0.016873575667259885, -1.5482963267948966
0.015004500100928835, -0.022496622873405158, -1.5407963267948965
0.01875878936995864, -0.028118401712680582, -1.5332963267948965
0.022515188263376888, -0.03373859322289734, -1.5257963267948966
0.026274118833168974, -0.03935687719372085, -1.5182963267948966
0.03003600319884669, -0.04497293191587643, -1.5107963267948965
0.03380126355719552, -0.05058643392972297, -1.5032963267948967
0.03757032219132221, -0.056197057773089164, -1.4957963267948966
0.04134360147889904, -0.06180447572826707, -1.4882963267948965
0.04512152389950272, -0.06740835756806363, -1.4807963267948965
0.04890451204094135, -0.07300837030080513, -1.4732963267948966
0.052692988604464, -0.07860417791419617, -1.4657963267948966
0.056487376408743115, -0.08419544111793004, -1.4582963267948965
0.060288098392522214, -0.08978181708495547, -1.4507963267948965
0.06409557761581555, -0.09536295919129964, -1.4432963267948966
0.06791023725954748, -0.10093851675435342, -1.4357963267948965
0.07173250062351381, -0.10650813476952169, -1.4282963267948965
0.07556279112254999, -0.11207145364514966, -1.4207963267948966
0.07940153228078389, -0.11762810893563243, -1.4132963267948966
0.08324914772385004, -0.12317773107261795, -1.4057963267948965
0.08710606116894141, -0.12871994509421952, -1.3982963267948967
0.09097269641256923, -0.13425437037215224, -1.3907963267948966
0.09484947731589892, -0.13978062033671035, -1.3832963267948966
0.09873682778752907, -0.14529830219950998, -1.3757963267948965
0.10263517176357465, -0.15080701667391808, -1.3682963267948964
0.10654493318491358, -0.15630635769309642, -1.3607963267948966
0.11046653597145242, -0.16179591212559225, -1.3532963267948965
0.1144004039932612, -0.1672752594884061, -1.3457963267948965
0.11834696103842719, -0.17274397165747996, -1.3382963267948966
0.12230663077747074, -0.178201612575545, -1.3307963267948966
0.12627983672416118, -0.18364773795727524, -1.3232963267948965
0.1302670021925709, -0.18908189499170108, -1.3157963267948967
0.13426855025019735, -0.19450362204183816, -1.3082963267948966
0.13828490366697832, -0.1999124483414918, -1.3007963267948965
0.1423164848600251, -0.20530789368920768, -1.2932963267948965
0.14636371583388813, -0.21068946813934095, -1.2857963267948966
0.15042701811616932, -0.21605667169022452, -1.2782963267948966
0.1545068126882861, -0.22140899396942232, -1.2707963267948965
0.1586035199111918, -0.22674591391606458, -1.2632963267948967
0.16271755944584768, -0.23206689946026626, -1.2557963267948966
0.1668493501682378, -0.2373714071996371, -1.2482963267948965
0.17099931007871447, -0.2426588820729065, -1.2407963267948965
0.17516785620545317, -0.247928757030688, -1.2332963267948966
0.1793554045017934, -0.2531804527034242, -1.2257963267948966
0.1835623697372331, -0.25841337706655826, -1.2182963267948965
0.18778916538184146, -0.2636269251029938, -1.2107963267948967
0.19203620348384837, -0.2688204784629129, -1.2032963267948966
0.19630389454015992, -0.2739934051210349, -1.1957963267948966
0.20059264735954888, -0.2791450590314134, -1.1882963267948967
0.20490286891825923, -0.2842747797798801, -1.1807963267948964
0.20923496420775717, -0.28938189223425814, -1.1732963267948966
0.21358933607436156, -0.29446570619248796, -1.1657963267948965
0.2179663850504708, -0.29952551602881383, -1.1582963267948965
0.22236650917710712, -0.30456060033820787, -1.1507963267948966
0.22679010381748815, -0.30957022157921826, -1.1432963267948966
0.23123756146132982, -0.31455362571544737, -1.1357963267948965
0.23570927151958265, -0.3195100418558881, -1.1282963267948967
0.24020562010929536, -0.32443868189436437, -1.1207963267948966
0.24472698982829358, -0.329338740148342, -1.1132963267948965
0.24927375951936095, -0.33420939299740254, -1.1057963267948967
0.25384630402360037, -0.33904979852169015, -1.0982963267948966
0.2584449939226504, -0.3438590961406708, -1.0907963267948966
0.2630701952694293, -0.34863640625256564, -1.0832963267948965
0.26772226930707255, -0.3533808298748482, -1.0757963267948967
0.2724015721757285, -0.35809144828622197, -1.0682963267948966
0.2771084546068717, -0.3627673226705239, -1.0607963267948965
0.28184326160479317, -0.3674074937630296, -1.0532963267948965
0.286606332114923, -0.3720109814996685, -1.0457963267948966
0.2913979986786408, -0.37657678466968697, -1.0382963267948966
0.2962185870742251, -0.3811038805723331, -1.0307963267948965
0.3010684159435998, -0.3855912246781743, -1.0232963267948967
0.3059477964045276, -0.39003775029568916, -1.0157963267948964
0.3108570316479077, -0.3944423682438188, -1.0082963267948966
0.3157964165198367, -0.39880396653120076, -1.0007963267948967
0.32076623708809265, -0.4031214100428464, -0.9932963267948965
0.3257667701927062, -0.4073935402350665, -0.9857963267948966
0.3307982829802941, -0.41161917483949506, -0.9782963267948965
0.3358610324218268, -0.41579710757710175, -0.9707963267948966
0.3409552648135199, -0.41992610788313306, -0.9632963267948966
0.3460812152605415, -0.42400492064396716, -0.9557963267948967
0.3512391071432407, -0.4280322659469172, -0.9482963267948965
0.3564291515656154, -0.43200683884406776, -0.9407963267948966
0.36165154678574934, -0.43592730913127953, -0.9332963267948966
0.3669064776279668, -0.4397923211435511, -0.9257963267948967
0.3721941148764675, -0.443600493567977, -0.9182963267948966
0.3775146146502255, -0.4473504192755993, -0.9107963267948965
0.3828681177589598, -0.4510406651735043, -0.9032963267948966
0.3882547490400028, -0.45466977207857084, -0.8957963267948966
0.39367461667592313, -0.45823625461433454, -0.8882963267948966
0.39912781149278626, -0.46173860113249166, -0.8807963267948966
0.4046144062389691, -0.4651752736606239, -0.8732963267948965
0.4101344548444746, -0.46854470787778124, -0.8657963267948966
0.4156879916607342, -0.4718453131196249, -0.8582963267948965
0.42127503068092154, -0.4750754724148846, -0.8507963267948966
0.426895564740846, -0.4782335425549512, -0.8432963267948966
0.4325495647005393, -0.4813178541984753, -0.8357963267948966
0.43823697860669675, -0.48432671201290933, -0.8282963267948965
0.44395773083619094, -0.4872583948549811, -0.8207963267948966
0.44971172122092834, -0.4901111559921486, -0.8132963267948966
0.4554988241543782, -0.49288322336713125, -0.8057963267948967
0.46131888768017526, -0.49557279990768294, -0.7982963267948965
0.4671717325632514, -0.4981780638837997, -0.7907963267948965
0.47305715134403925, -0.5006971693146283, -0.7832963267948966
0.4789749073763523, -0.5031282464273663, -0.7757963267948966
0.4849247338496353, -0.5054694021705011, -0.7682963267948967
0.49090633279636, -0.5077187207837685, -0.7607963267948965
0.49691937408542824, -0.509874264427246, -0.7532963267948966
0.5029634944025424, -0.5119340738720284, -0.7457963267948966
0.5090382962185933, -0.5138961692549543, -0.7382963267948967
0.5151433467472255, -0.515758550899878, -0.7307963267948966
0.5212781768928394, -0.5175192002079864, -0.7232963267948965
0.5274422801904046, -0.5191760806196726, -0.7157963267948966
0.533635111738573, -0.5207271386504746, -0.7082963267948966
0.5398560871276964, -0.5221703050035744, -0.7007963267948966
0.5461045813644808, -0.523503495761344, -0.6932963267948966
0.5523799277951361, -0.5247246136583829, -0.6857963267948965
0.5586814170290062, -0.5258315494384679, -0.6782963267948966
0.5650082958648075, -0.5268221832977777, -0.6707963267948966
0.5713597662217349, -0.5276943864166956, -0.6632963267948966
0.5777349840778376, -0.528446022582423, -0.6557963267948966
0.5841330584182142, -0.5290749499045501, -0.6482963267948966
0.590553050195716, -0.5295790226256235, -0.6407963267948966
0.5969939713070036, -0.5299560930286464, -0.6332963267948966
0.6034547835869439, -0.5302040134433045, -0.6257963267948966
0.6099343978244909, -0.5303206383525727, -0.6182963267948967
0.6164316728033414, -0.5303038266011904, -0.6107963267948966
0.6229454143708086, -0.5301514437073125, -0.6032963267948965
0.6294743745385033, -0.5298613642784414, -0.5957963267948966
0.6360172506185671, -0.5294314745325316, -0.5882963267948966
0.6425726843993376, -0.5288596749249136, -0.5807963267948967
0.6491392613644749, -0.5281438828814319, -0.5732963267948965
0.6557155099597121, -0.5272820356379103, -0.5657963267948967
0.6622999009115281, -0.5262720931857545, -0.5582963267948966
0.6688908466021585, -0.5251120413231898, -0.5507963267948965
0.6754867005054888, -0.523799894811279, -0.5432963267948967
0.6820857566884763, -0.522333700633511, -0.5357963267948966
0.688686249382846, -0.5207115413573598, -0.5282963267948966
0.6952863526318966, -0.5189315385958043, -0.5207963267948965
0.7018841800173292, -0.5169918565663847, -0.5132963267948967
0.7084777844710649, -0.5148907057449015, -0.5057963267948966
0.7150651581770721, -0.5126263466104162, -0.49829632679489655
0.72164423256825, -0.5101970934777108, -0.4907963267948965
0.7282128784234249, -0.5076013184128627, -0.48329632679489665
0.7347689060695066, -0.5048374552270649, -0.4757963267948966
0.7413100656938272, -0.5019040035432903, -0.46829632679489674
0.7478340477716253, -0.49879953292983137, -0.46079632679489646
0.7543384836135667, -0.4955226870941968, -0.4532963267948966
0.7608209460380938, -0.4920721881302567, -0.44579632679489656
0.767278950173256, -0.4884468408109526, -0.4382963267948967
0.7737099543925329, -0.48464553691829043, -0.43079632679489666
0.780111361388961, -0.4806672596017521, -0.4232963267948966
0.7864805193916732, -0.4765110877556523, -0.41579632679489653
0.7928147235286995, -0.4721762004053937, -0.4082963267948967
0.7991112173396098, -0.4676618810919735, -0.40079632679489663
0.8053671944412595, -0.462967522243537, -0.39329632679489657
0.8115798003495573, -0.4580926295221965, -0.3857963267948965
0.8177461344597964, -0.45303682613380714, -0.37829632679489666
0.8238632521876712, -0.44779985708786096, -0.3707963267948966
0.8299281672726629, -0.44238159339417377, -0.36329632679489654
0.8359378542449907, -0.4367820361825727, -0.3557963267948967
0.8418892510568162, -0.4310013207313678, -0.34829632679489664
0.8477792618778377, -0.42503972039000565, -0.3407963267948968
0.8536047600548425, -0.4188976503809573, -0.3332963267948965
0.8593625912341692, -0.41257567146561014, -0.32579632679489645
0.8650495766454079, -0.4060744934586831, -0.3182963267948966
0.8706625165439967, -0.39939497857551937, -0.31079632679489655
0.8761981938096943, -0.3925381445964915, -0.3032963267948967
0.8816533776972034, -0.3855051678327026, -0.29579632679489665
0.8870248277344914, -0.37829738587720363, -0.2882963267948966
0.892309297763627, -0.37091630012603827, -0.28079632679489674
0.8975035401181869, -0.36336357805361363, -0.27329632679489646
0.9026043099305474, -0.35564105522716255, -0.2657963267948966
0.9076083695616023, -0.3477507370453991, -0.25829632679489656
0.9125124931446965, -0.33969480018692677, -0.2507963267948965
0.9173134712348102, -0.331475593754466, -0.24329632679489666
0.9220081155532879, -0.3230956401015974, -0.2357963267948966
0.9265932638176759, -0.3145576353294244, -0.22829632679489675
0.9310657846455339, -0.3058644494413526, -0.2207963267948967
0.9354225825203991, -0.2970191261450865, -0.2132963267948964
0.939660602807439, -0.2880248822919107, -0.20579632679489657
0.9437768368057191, -0.2788851069443964, -0.1982963267948965
0.9477683268234369, -0.26960336006483127, -0.19079632679489666
0.9516321712619632, -0.2601833708178845, -0.1832963267948966
0.9553655296940539, -0.25062903548234455, -0.17579632679489654
0.9589656279211946, -0.24094441496812913, -0.1682963267948967
0.9624297629946859, -0.2311337319362153, -0.16079632679489664
0.9657553081847996, -0.22120136752063738, -0.1532963267948968
0.9689397178821283, -0.2111518576532383, -0.1457963267948965
0.9719805324151104, -0.2009898889934672, -0.13829632679489645
0.9748753827676648, -0.19072029446711702, -0.1307963267948966
0.9776219951808834, -0.1803480484195616, -0.12329632679489655
0.9802181956228422, -0.16987826139070294, -0.11579632679489671
0.9826619141107811, -0.1593161745204956, -0.10829632679489665
0.9849511888701784, -0.14866715359558794, -0.10079632679489658
0.9870841703156136, -0.13793668274923973, -0.09329632679489674
0.9890591248387469, -0.1271303578282938, -0.08579632679489646
0.9908744383892942, -0.11625387944255201, -0.07829632679489662
0.9925286198354751, -0.10531304571340316, -0.07079632679489656
0.994020304091118, -0.09431374474003554, -0.0632963267948965
0.9953482549973731, -0.08326194680291948, -0.055796326794896656
0.9965113679478353, -0.07216369632556383, -0.048296326794896594
0.9975086722467903, -0.06102510361675507, -0.04079632679489675
0.9983393331912778, -0.049852336416581995, -0.03329632679489669
0.9990026538687116, -0.03865161127056335, -0.025796326794896407
0.9994980766628746, -0.02742918475705687, -0.018296326794896567
0.9998251844622553, -0.016191344593887356, -0.010796326794896505
0.9999837015658606, -0.004944400650765571, -0.0032963267948966646
0.9999734942828502, 0.006305324105465269, 0.004203673205103398
0.9997945712235706, 0.017551502705344755, 0.01170367320510346
0.9994470832808034, 0.02878781328347533, 0.0192036732051033
0.9989313233013131, 0.04000794816969496, 0.026703673205103362
0.9982477254490167, 0.05120562293715084, 0.0342036732051032
0.9973968642623523, 0.06237458537991884, 0.041703673205103486
0.9963794534096515, 0.07350862439315843, 0.04920367320510355
0.9951963441475175, 0.08460157872932257, 0.05670367320510339
0.9938485234883919, 0.09564734560455808, 0.06420367320510345
0.9923371120846172, 0.10663988913021266, 0.07170367320510329
0.9906633618373882, 0.11757324854526183, 0.07920367320510335
0.9888286532400231, 0.1284415462264627, 0.08670367320510342
0.98683449246595, 0.1392389954541786, 0.09420367320510326
0.9846825082127136, 0.14995990791302422, 0.10170367320510354
0.9823744483141542, 0.1605987009077923, 0.10920367320510338
0.9799121761336557, 0.17114990427652896, 0.11670367320510344
0.9772976667520692, 0.1816081669840633, 0.1242036732051035
0.9745330029645017, 0.19196826338084447, 0.13170367320510334
0.9716203711006965, 0.20222509911350056, 0.1392036732051034
0.9685620566841652, 0.2123737166751442, 0.14670367320510325
0.9653604399455777, 0.22240930058510322, 0.1542036732051033
0.9620179912061944, 0.23232718218939394, 0.1617036732051036
0.9585372661472927, 0.24212284407493406, 0.16920367320510343
0.9549209009816444, 0.25179192409214335, 0.1767036732051035
0.9511716075431157, 0.26133021898221825, 0.18420367320510334
0.9472921683103864, 0.2707336876070024, 0.1917036732051034
0.94328543138065, 0.27999845378093835, 0.19920367320510346
0.9391543054089332, 0.28912080870615103, 0.2067036732051033
0.9349017545283859, 0.29809721301318737, 0.21420367320510336
0.9305307932665369, 0.3069242984113764, 0.2217036732051032
0.9260444814720941, 0.31559886895414996, 0.22920367320510326
0.9214459192663921, 0.32411790192594553, 0.23670367320510355
0.9167382420330688, 0.332478548358551, 0.2442036732051034
0.9119246154589675, 0.34067813318588447, 0.25170367320510345
0.9070082306386616, 0.34871415504725045, 0.2592036732051033
0.9019922992543343, 0.3565842857501042, 0.26670367320510335
0.8968800488420678, 0.36428636940421194, 0.2742036732051034
0.8916747181548917, 0.37181842123990344, 0.28170367320510326
0.8863795526322034, 0.3791786261238006, 0.2892036732051033
0.8809977999844422, 0.386365336786013, 0.29670367320510316
0.875532705901128, 0.39337707177331527, 0.30420367320510344
0.8699875098896366, 0.40021251314323575, 0.3117036732051035
0.8643654412513047, 0.40687050391433854, 0.31920367320510334
0.8586697152007141, 0.4133500452882213, 0.3267036732051034
0.8529035291332571, 0.41965029365893286, 0.33420367320510325
0.8470700590453336, 0.4257705574256041, 0.3417036732051033
0.8411724561108335, 0.4317102936240989, 0.34920367320510337
0.835213843416832, 0.43746910439344333, 0.3567036732051032
0.8291973128607584, 0.4430467332926654, 0.3642036732051035
0.8231259222106383, 0.44844306148348834, 0.37170367320510334
0.8170026923293727, 0.4536581037940904, 0.3792036732051034
0.8108306045634261, 0.45869200467882604, 0.38670367320510346
0.8046125982957095, 0.4635450340884767, 0.3942036732051033
0.7983515686619109, 0.46821758326519297, 0.40170367320510336
0.7920503644290182, 0.4727101604758653, 0.4092036732051032
0.7857117860342908, 0.47702338669719613, 0.41670367320510326
0.7793385837825118, 0.4811579912652424, 0.42420367320510355
0.7729334561989267, 0.4851148075016819, 0.4317036732051034
0.7664990485349072, 0.48889476832850864, 0.43920367320510323
0.7600379514230425, 0.4924989018823018, 0.44670367320510307
0.7535526996780381, 0.4959283271386352, 0.45420367320510335
0.7470457712395447, 0.4991842495566154, 0.46170367320510364
0.7405195862527792, 0.5022679567529367, 0.4692036732051035
0.7339765062825988, 0.5051808142142572, 0.4767036732051033
0.7274188336565074, 0.5079242610560972, 0.48420367320510316
0.7208488109319112, 0.5104998058358793, 0.49170367320510344
0.7142686204828296, 0.5129090224271418, 0.4992036732051033
0.7076803842011475, 0.5151535459613843, 0.5067036732051031
0.7010861633074515, 0.5172350688434343, 0.5142036732051034
0.6944879582664139, 0.51915533684568, 0.5217036732051032
0.6878877088016764, 0.5209161452859713, 0.5292036732051035
0.6812872940051825, 0.52251933529347, 0.5367036732051034
0.6746885325359043, 0.5239667901662318, 0.5442036732051032
0.6680931829029617, 0.5252604318238069, 0.5517036732051035
0.6615029438281614, 0.5264022173576903, 0.5592036732051033
0.6549194546830571, 0.5273941356820034, 0.5667036732051032
0.6483442959957073, 0.5282382042863568, 0.5742036732051035
0.6417789900223935, 0.5289364660924513, 0.5817036732051033
0.6352250013796604, 0.5294909864155825, 0.5892036732051036
0.6286837377321621, 0.5299038500318576, 0.5967036732051034
0.6221565505318949, 0.5301771583515903, 0.6042036732051033
0.6156447358045499, 0.5303130266990245, 0.6117036732051035
0.6091495349788291, 0.5303135816982371, 0.6192036732051034
0.6026721357547159, 0.5301809587647982, 0.6267036732051032
0.5962136730068398, 0.5299172997025061, 0.6342036732051031
0.5897752297192019, 0.5295247504042813, 0.6417036732051034
0.5833578379476998, 0.5290054586560885, 0.6492036732051036
0.576962479807016, 0.5283615720425573, 0.6567036732051035
0.5705900884786033, 0.5275952359527896, 0.6642036732051033
0.5642415492366428, 0.5267085916846858, 0.6717036732051032
0.5579177004890011, 0.5257037746459741, 0.6792036732051034
0.5516193348303654, 0.5245829126499972, 0.6867036732051033
0.545347200104876, 0.5233481243042011, 0.6942036732051031
0.5391020004757373, 0.5220015174891677, 0.7017036732051034
0.5328843974994121, 0.5205451879259517, 0.7092036732051032
0.5266950112021571, 0.5189812178294109, 0.7167036732051035
0.520534421156798, 0.5173116746451549, 0.7242036732051034
0.514403167557762, 0.5155386098676943, 0.7317036732051032
0.5083017522925335, 0.5136640579373349, 0.7392036732051035
0.5022306400078149, 0.5116900352133344, 0.7467036732051033
0.4961902591687979, 0.5096185390208176, 0.7542036732051032
0.49018100311007523, 0.5074515467689459, 0.7617036732051035
0.4842032310768329, 0.5051910151378307, 0.7692036732051033
0.4782572692550689, 0.5028388793316856, 0.7767036732051036
0.47234341178970335, 0.5003970523957334, 0.7842036732051034
0.4664619217895294, 0.4978674245943957, 0.7917036732051033
0.460613032318065, 0.49525186284832434, 0.7992036732051035
0.45479694736945264, 0.49255221022786294, 0.8067036732051034
0.4490138428286363, 0.48977028550055807, 0.8142036732051032
0.44326386741514434, 0.486907882730388, 0.8217036732051031
0.4375471436098683, 0.4839667709264095, 0.8292036732051034
0.4318637685643175, 0.480948693738578, 0.8367036732051036
0.4262138149918907, 0.4778553691985377, 0.8442036732051035
0.42059733204077854, 0.47468848950323733, 0.8517036732051033
0.4150143461481743, 0.47144972083927295, 0.8592036732051032
0.40946486187552633, 0.46814070324592166, 0.8667036732051034
0.4039488627246246, 0.46476305051487876, 0.8742036732051033
0.39846631193436005, 0.4613183501247716, 0.8817036732051036
0.3930171532580595, 0.45780816320858836, 0.889203673205103
0.38760131172131906, 0.45423402455220013, 0.8967036732051032
0.3822186943603324, 0.4505974426222409, 0.9042036732051035
0.3768691909407188, 0.44689989962163906, 0.9117036732051034
0.3715526746569142, 0.44314285157117783, 0.9192036732051037
0.36626900281221525, 0.4393277284155078, 0.926703673205103
0.36101801747958784, 0.4354559341520926, 0.9342036732051033
0.3557995461434026, 0.4315288469816392, 0.9417036732051032
0.3506134023222533, 0.4275478194785987, 0.9492036732051035
0.3454593861730726, 0.4235141787804072, 0.9567036732051037
0.3403372850767521, 0.41942922679416783, 0.9642036732051031
0.3352468742055081, 0.41529424041954105, 0.9717036732051034
0.3301879170722542, 0.41111047178666843, 0.9792036732051033
0.3251601660622395, 0.4068791485079899, 0.9867036732051035
0.320163362947249, 0.40260147394288603, 0.9942036732051034
0.3151972393826523, 0.39827862747410897, 1.0017036732051032
0.31026151738761526, 0.39391176479502854, 1.009203673205103
0.30535590980878546, 0.389502018206755, 1.0167036732051034
0.3004801207677781, 0.38505049692425625, 1.0242036732051036
0.2956338460927892, 0.38055828739062253, 1.0317036732051035
0.29081677373467335, 0.3760264535986801, 1.0392036732051033
0.28602858416782606, 0.3714560374191994, 1.0467036732051032
0.2812689507762102, 0.3668480589349759, 1.0542036732051034
0.2765375402248756, 0.36220351678010837, 1.0617036732051033
0.27183401281731057, 0.3575233884838294, 1.0692036732051036
0.2671580228389819, 0.35280863081829256, 1.076703673205103
0.2625092188873975, 0.34806018014973356, 1.0842036732051032
0.25788724418905, 0.3432789527924857, 1.0917036732051035
0.25329173690357315, 0.3384658453653321, 1.0992036732051034
0.24872233041545888, 0.3336217351497295, 1.1067036732051037
0.2441786536136755, 0.32874748044946395, 1.114203673205103
0.2396603311595156, 0.3238439209513158, 1.1217036732051033
0.23516698374301673, 0.31891187808636084, 1.1292036732051032
0.2306982283282714, 0.31395215539153387, 1.1367036732051035
0.2262536783879613, 0.3089655388711337, 1.1442036732051037
0.2218329441274285, 0.30395279735794883, 1.1517036732051031
0.21743563269859983, 0.29891468287372175, 1.1592036732051034
0.2130613484040805, 0.2938519309886904, 1.1667036732051033
0.20870969289171035, 0.28876526117995205, 1.1742036732051035
0.20438026533989403, 0.2836553771884384, 1.1817036732051034
0.20007266263398948, 0.2785229673742861, 1.1892036732051032
0.19578647953404935, 0.2733687050704242, 1.196703673205103
0.19152130883419446, 0.2681932489342046, 1.2042036732051034
0.1872767415138981, 0.2629972432969261, 1.2117036732051036
0.1830523668814493, 0.2577813185111114, 1.2192036732051035
0.1788477727098629, 0.2525460912954181, 1.2267036732051033
0.17466254536549422, 0.24729216507707472, 1.2342036732051032
0.1704962699296115, 0.24202013033174774, 1.2417036732051034
0.1663485303131751, 0.23673056492075817, 1.2492036732051033
0.16221890936506037, 0.23142403442557477, 1.2567036732051036
0.15810698897396797, 0.22610109247953394, 1.264203673205103
0.154012350164241, 0.22076228109672666, 1.2717036732051032
0.14993457318582573, 0.21540813099803052, 1.2792036732051035
0.14587323759858312, 0.21003916193424588, 1.2867036732051034
0.1418279223511705, 0.2046558830063246, 1.2942036732051037
0.13779820585470262, 0.1992587929826846, 1.301703673205103
0.13378366605138725, 0.193848380613599, 1.3092036732051033
0.1297838804783433, 0.18842512494268082, 1.3167036732051032
0.12579842632678187, 0.18298949561546038, 1.3242036732051035
0.12182688049674785, 0.17754195318509058, 1.3317036732051037
0.117868819647597, 0.17208294941519772, 1.3392036732051031
0.11392382024438813, 0.16661292757991153, 1.3467036732051034
0.10999145860036817, 0.16113232276112258, 1.3542036732051033
0.10607131091570873, 0.15564156214299527, 1.3617036732051035
0.1021629533126683, 0.15014106530380084, 1.3692036732051034
0.09826596186733201, 0.14463124450511244, 1.3767036732051032
0.09437991263809034, 0.139112504978429, 1.384203673205103
0.0905043816910048, 0.13358524520928403, 1.3917036732051034
0.08663894512221133, 0.12804985721891052, 1.3992036732051036
0.08278317907750293, 0.12250672684352698, 1.4067036732051035
0.07893665976923388, 0.11695623401132034, 1.4142036732051033
0.07509896349068372, 0.11139875301720331, 1.4217036732051032
0.07126966662801301, 0.10583465279542209, 1.4292036732051034
0.06744834566994437, 0.10026429719010024, 1.4367036732051033
0.06363457721529285, 0.09468804522379735, 1.4442036732051036
0.059827937978477186, 0.08910625136417827, 1.451703673205103
0.05602800479312606, 0.08351926578886985, 1.4592036732051032
0.0522343546139097, 0.07792743464861128, 1.4667036732051035
0.04844656451670453, 0.07233110032877596, 1.4742036732051034
0.04466421169721178, 0.06673060170936793, 1.4817036732051037
0.040886873468144416, 0.06112627442359039, 1.489203673205103
0.03711412725508732, 0.05551845111507422, 1.4967036732051033
0.033345550591150304, 0.049907461693880405, 1.5042036732051032
0.02958072111051024, 0.04429363359135908, 1.5117036732051035
0.02581921654095919, 0.03867729201398198, 1.5192036732051037
0.022060614695556466, 0.033058760196239836, 1.5267036732051031
0.018304493463489717, 0.02743835965270961, 1.5342036732051034
0.014550430800253117, 0.02181641042940341, 1.5417036732051033
0.010798004717234378, 0.016193231354488403, 1.5492036732051035
0.007046793270821583, 0.010569140288497718, 1.5567036732051034
0.003296374551121798, 0.004944454374125414, 1.5642036732051032
-0.000453673329602876, -0.0006805097142800472, 1.571703673205103
-0.004203772248686433, -0.006305435521423551, 1.5792036732051034
-0.007954344084895853, -0.011930006561862692, 1.5867036732051036
-0.011705810730257145, -0.01755390607079595, 1.5942036732051035
-0.015458594101770596, -0.02317681675473195, 1.6017036732051033
-0.019213116152915106, -0.028798420541932216, 1.6092036732051032
-0.02296979888484451, -0.03441839833252481, 1.6167036732051034
-0.02672906435717378, -0.0400364297481799, 1.6242036732051033
-0.030491334698258488, -0.04565219288124762, 1.6317036732051036
-0.034257032114860524, -0.051265364043244575, 1.639203673205103
-0.0380265789011065, -0.05687561751259731, 1.6467036732051032
-0.04180039744662558, -0.06248262528152382, 1.6542036732051035
-0.045578910243772856, -0.06808605680196557, 1.6617036732051034
-0.04936253989382735, -0.07368557873045958, 1.6692036732051037
-0.053151709112056786, -0.07928085467184856, 1.676703673205103
-0.05694684073154772, -0.0848715449217387, 1.6842036732051033
-0.06074835770568042, -0.09045730620759175, 1.6917036732051032
-0.06455668310914876, -0.09603779142837122, 1.6992036732051035
-0.06837224013740054, -0.10161264939263165, 1.7067036732051037
-0.07219545210438945, -0.10718152455496695, 1.7142036732051031
-0.07602674243851891, -0.1127440567507232, 1.7217036732051034
-0.07986653467665193, -0.11829988092887794, 1.7292036732051033
-0.08371525245607361, -0.1238486268830114, 1.7367036732051035
-0.08757331950427018, -0.12938991898026894, 1.7442036732051034
-0.09144115962640396, -0.1349233758882426, 1.7517036732051032
-0.09531919669034686, -0.1404486102996816, 1.759203673205103
-0.09920785460914065, -0.14596522865495928, 1.7667036732051034
-0.10310755732074403, -0.1514728308622165, 1.7742036732051036
-0.10701872876492681, -0.15697101001511332, 1.7817036732051035
-0.11094179285716489, -0.16245935210811754, 1.7892036732051033
-0.1148771734593863, -0.16793743574926437, 1.7967036732051032
-0.11882529434741758, -0.17340483187032724, 1.8042036732051034
-0.12278657917497138, -0.17886110343434156, 1.8117036732051033
-0.1267614514340184, -0.18430580514043204, 1.8192036732051036
-0.1307503344113725, -0.18973848312588823, 1.826703673205103
-0.13475365114132742, -0.19515867466545697, 1.8342036732051032
-0.13877182435416166, -0.20056590786780032, 1.8417036732051035
-0.1428052764203417, -0.20595970136909994, 1.8492036732051034
-0.1468544292902355, -0.21133956402377738, 1.8567036732051037
-0.15091970442914682, -0.21670499459230727, 1.864203673205103
-0.15500152274748255, -0.22205548142612216, 1.8717036732051033
-0.15910030452584584, -0.22739050214958995, 1.8792036732051032
-0.16321646933486147, -0.2327095233390828, 1.8867036732051035
-0.1673504359495151, -0.23801200019913568, 1.8942036732051037
-0.1715026222577978, -0.24329737623572326, 1.9017036732051031
-0.17567344516343555, -0.24856508292668356, 1.9092036732051034
-0.17986332048247092, -0.2538145393893202, 1.9167036732051033
-0.18407266283347729, -0.25904515204524664, 1.9242036732051035
-0.18830188552115712, -0.2642563142825194, 1.9317036732051034
-0.19255140041308996, -0.2694474061151438, 1.9392036732051032
-0.19682161780937513, -0.27461779384002877, 1.946703673205103
-0.20111294630491847, -0.2797668296914931, 1.9542036732051034
-0.20542579264410019, -0.2848938514934322, 1.9617036732051036
-0.2097605615675592, -0.2899981823092719, 1.9692036732051035
-0.2141176556508212, -0.29507913008985065, 1.9767036732051033
-0.2184974751344902, -0.30013598731938373, 1.9842036732051032
-0.22290041774572347, -0.3051680306596866, 1.9917036732051034
-0.22732687851069588, -0.310174520592844, 1.9992036732051033
-0.23177724955776388, -0.3151547010625405, 2.0067036732051036
-0.23625191991102135, -0.32010779911427206, 2.014203673205103
-0.24075127527395013, -0.3250330245346987, 2.0217036732051032
-0.24527569780284286, -0.3299295694903953, 2.029203673205103
-0.24982556586969507, -0.33479660816630835, 2.0367036732051034
-0.25440125381423284, -0.33963329640421963, 2.0442036732051037
-0.2590031316847601, -0.344438771341568, 2.051703673205103
-0.26363156496749374, -0.3492121510509922, 2.0592036732051033
-0.2682869143040464, -0.35395253418098055, 2.066703673205103
-0.2729695351967336, -0.35865899959806097, 2.0742036732051035
-0.27767977770135177, -0.3633306060309663, 2.0817036732051033
-0.28241798610709495, -0.36796639171726603, 2.089203673205103
-0.28718449860326106, -0.37256537405296797, 2.096703673205103
-0.2919796469324031, -0.3771265492456373, 2.1042036732051033
-0.29680375602957954, -0.3816488919716089, 2.1117036732051035
-0.3016571436473573, -0.3861313550379064, 2.1192036732051034
-0.3065401199662231, -0.3905728690495204, 2.1267036732051032
-0.31145298719005515, -0.39497234208272786, 2.134203673205103
-0.31639603912631725, -0.3993286593651847, 2.1417036732051034
-0.32136956075063466, -0.40364068296355754, 2.149203673205103
-0.32637382775542084, -0.40790725147950513, 2.1567036732051035
-0.3314091060822201, -0.4121271797548605, 2.164203673205103
-0.33647565143745445, -0.4162992585869173, 2.171703673205103
-0.34157370879124827, -0.42042225445475534, 2.1792036732051034
-0.346703511859038, -0.42449490925760874, 2.1867036732051033
-0.351865282565668, -0.42851594006630744, 2.1942036732051036
-0.35705923049168836, -0.43248403888888687, 2.201703673205103
-0.36228555230159687, -0.4363978724515086, 2.2092036732051032
-0.3675444311537611, -0.4402560819958818, 2.216703673205103
-0.3728360360918014, -0.4440572830944391, 2.2242036732051034
-0.3781605214172074, -0.44780006548456286, 2.2317036732051037
-0.3835180260430069, -0.4514829929232259, 2.239203673205103
-0.3889086728283148, -0.45510460306345824, 2.2467036732051033
-0.3943325678936159, -0.4586634073541084, 2.254203673205103
-0.3997897999166802, -0.4621578909644359, 2.2617036732051035
-0.40528043940901703, -0.4655865127351164, 2.2692036732051033
-0.4108045379728322, -0.4689477051573105, 2.276703673205103
-0.4163621275384687, -0.4722398743814995, 2.284203673205103
-0.4219532195823674, -0.47546140025785494, 2.2917036732051033
-0.427577804325617, -0.47861063640996326, 2.2992036732051035
-0.4332358499132149, -0.48168591034379166, 2.3067036732051034
-0.4389273015742074, -0.4846855235938326, 2.3142036732051032
-0.4446520807629294, -0.48760775190842554, 2.321703673205103
-0.45041008428162466, -0.49045084547630863, 2.3292036732051034
-0.4562011833847844, -0.49321302919651083, 2.336703673205103
-0.46202522286561004, -0.4958925029937421, 2.3442036732051035
-0.4678820201250668, -0.4984874421814952, 2.351703673205103
-0.4737713642240797, -0.5009959978751202, 2.359203673205103
-0.4796930149194824, -0.5034162974571731, 2.3667036732051034
-0.4856467016844285, -0.5057464450973892, 2.3742036732051033
-0.4916321227140475, -0.507984522329668, 2.3817036732051036
-0.49764894391721687, -0.5101285886884831, 2.389203673205103
-0.5036967978954274, -0.5121766824071788, 2.3967036732051032
-0.5097752829097948, -0.5141268211806113, 2.404203673205103
-0.5158839618374013, -0.5159770029946414, 2.4117036732051034
-0.5220223611182307, -0.5177252070249756, 2.4192036732051037
-0.5281899696940898, -0.5193693946078654, 2.426703673205103
-0.534386237941019, -0.5209075102851762, 2.4342036732051033
-0.5406105765968052, -0.5223374829263194, 2.4417036732051036
-0.5468623556853546, -0.5236572269295243, 2.449203673205103
-0.5531409034397934, -0.5248646435049037, 2.4567036732051033
-0.5594455052262945, -0.5259576220417133, 2.4642036732051027
-0.5657754024707862, -0.5269340415621728, 2.471703673205103
-0.5721297915908022, -0.5277917722641374, 2.4792036732051033
-0.5785078229349109, -0.5285286771548454, 2.4867036732051035
-0.5849085997322754, -0.5291426137778743, 2.494203673205104
-0.5913311770550612, -0.5296314360353359, 2.5017036732051032
-0.597774560796551, -0.5299929961072267, 2.5092036732051035
-0.6042377066679667, -0.5302251464697139, 2.516703673205103
-0.6107195192171747, -0.5303257420139894, 2.524203673205103
-0.6172188508725647, -0.5302926422671628, 2.5317036732051035
-0.6237345010155784, -0.5301237137164718, 2.539203673205103
-0.6302652150854947, -0.5298168322378974, 2.546703673205103
-0.6368096837202167, -0.5293698856300388, 2.5542036732051034
-0.6433665419369827, -0.528780776253873, 2.5617036732051037
-0.6499343683570282, -0.5280474237787555, 2.569203673205103
-0.6565116844783901, -0.5271677680347416, 2.5767036732051034
-0.6630969540011515, -0.5261397719710033, 2.584203673205103
-0.6696885822095824, -0.524961424719794, 2.591703673205103
-0.6762849154157041, -0.5236307447650701, 2.5992036732051034
-0.6828842404689633, -0.5221457832145078, 2.6067036732051037
-0.6894847843367533, -0.5205046271732698, 2.614203673205103
-0.6960847137606423, -0.5187054032174648, 2.6217036732051033
-0.7026821349932139, -0.5167462809648139, 2.6292036732051036
-0.7092750936205083, -0.5146254767395847, 2.636703673205103
-0.7158615744750846, -0.512341257328386, 2.6442036732051033
-0.7224395016447399, -0.5098919438229241, 2.6517036732051027
-0.7290067385819666, -0.507275915545312, 2.659203673205103
-0.7355610883191673, -0.5044916140510026, 2.6667036732051033
-0.7421002937946636, -0.5015375472038699, 2.6742036732051035
-0.7486220382944438, -0.49841229331741044, 2.681703673205104
-0.755123946014533, -0.4951145053554702, 2.6892036732051032
-0.7616035827487625, -0.4916429151853217, 2.6967036732051035
-0.7680584567065725, -0.4879963378753389, 2.704203673205103
-0.7744860194653447, -0.48417367602890965, 2.711703673205103
-0.7808836670615421, -0.48017392414565524, 2.7192036732051035
-0.7872487412247429, -0.47599617300041047, 2.726703673205103
-0.7935785307583892, -0.47163961402984184, 2.734203673205103
-0.7998702730707793, -0.4671035437159991, 2.7417036732051034
-0.8061211558595442, -0.46238736795550917, 2.7492036732051037
-0.81232831895247, -0.45749060640258177, 2.756703673205103
-0.8184888563071668, -0.45241289677344015, 2.7642036732051034
-0.8245998181716435, -0.4471539990992907, 2.771703673205103
-0.8306582134074338, -0.44171379991443155, 2.779203673205103
-0.836661011976388, -0.4360923163656736, 2.7867036732051034
-0.8426051475917703, -0.4302897002287914, 2.7942036732051037
-0.8484875205337242, -0.4243062418173683, 2.801703673205103
-0.8543050006286027, -0.41814237376904545, 2.8092036732051033
-0.8600544303910357, -0.41179867469391734, 2.8167036732051036
-0.865732628326993, -0.4052758726695628, 2.824203673205103
-0.8713363923954153, -0.3985748485670502, 2.8317036732051033
-0.8768625036253009, -0.3916966391921482, 2.8392036732051027
-0.8823077298844543, -0.3846424402259114, 2.846703673205103
-0.8876688297953356, -0.3774136089488882, 2.8542036732051033
-0.8929425567927503, -0.3700116667332604, 2.8617036732051035
-0.8981256633173414, -0.362438301287455, 2.869203673205104
-0.903214905138103, -0.3546953686380229, 2.8767036732051032
-0.9082070457963685, -0.3467848948339372, 2.8842036732051035
-0.9130988611629662, -0.338709077358936, 2.891703673205103
-0.9178871440994979, -0.33047028623802815, 2.899203673205103
-0.9225687092139274, -0.32207106482496456, 2.9067036732051035
-0.9271403976999782, -0.31351413025814817, 2.914203673205103
-0.9315990822491044, -0.30480237357329204, 2.921703673205103
-0.9359416720231402, -0.29593885946204757, 2.9292036732051034
-0.9401651176750903, -0.28692682566677763, 2.9367036732051037
-0.9442664164049117, -0.27776968200276864, 2.944203673205103
-0.948242617036579, -0.2684710090003031, 2.9517036732051034
-0.9520908251022011, -0.25903455616028803, 2.959203673205103
-0.9558082079185236, -0.24946423981840293, 2.966703673205103
-0.9593919996407049, -0.23976414061417467, 2.9742036732051034
-0.9628395062779594, -0.22993850056277754, 2.9817036732051037
-0.9661481106553587, -0.21999171972890544, 2.989203673205103
-0.9693152773058934, -0.20992835250358566, 2.9967036732051033
-0.9723385572767681, -0.1997531034864306, 3.0042036732051036
-0.9752155928338605, -0.18947082297740836, 3.011703673205103
-0.9779441220483054, -0.17908650208389384, 3.0192036732051033
-0.9805219832492756, -0.16860526745042603, 3.0267036732051027
-0.9829471193272484, -0.15803237562021402, 3.034203673205103
-0.9852175818723143, -0.14737320703915985, 3.0417036732051033
-0.987331535132474, -0.1366332597147279, 3.0492036732051035
-0.9892872597773148, -0.12581814254364956, 3.056703673205104
-0.991083156453013, -0.11493356832398777, 3.0642036732051032
-0.9927177491152186, -0.1039853464685945, 3.0717036732051035
-0.9941896881270964, -0.09297937543847036, 3.079203673205103
-0.995497753110577, -0.08192163491585282, 3.086703673205103
-0.9966408555397186, -0.07081817773822155, 3.0942036732051035
-0.997618041066016, -0.05967512161553366, 3.101703673205103
-0.9984284915664722, -0.048498640654139474, 3.109203673205103
-0.9990715269062945, -0.03729495671181099, 3.1167036732051034
-0.9995466064091785, -0.02607033060914089, 3.1242036732051037
-0.9998533300292796, -0.014831053223354753, 3.131703673205103
-0.9999914392201552, -0.0035834364911487065, 3.1392036732051034
-0.9999608174971688, 0.007666195652325004, 3.146703673205103
-0.9997614906910828, 0.018911516370927996, 3.154203673205103
-0.999393626891813, 0.03014620503380036, 3.1617036732051034
-0.9988575360825718, 0.04136395630278775, 3.1692036732051037
-0.9981536694658792, 0.05255848917343956, 3.176703673205103
-0.9972826184841735, 0.0637235559422673, 3.1842036732051033
-0.9962451135389596, 0.07485295107329652, 3.1917036732051036
-0.9950420224136565, 0.08594051993751523, 3.199203673205103
-0.9936743484064534, 0.09698016739943718, 3.2067036732051033
-0.9921432281806227, 0.10796586622578394, 3.2142036732051027
-0.9904499293408087, 0.11889166529224136, 3.221703673205103
-0.9885958477448424, 0.12975169756519725, 3.2292036732051033
-0.986582504561593, 0.14054018783657035, 3.2367036732051027
-0.9844115430862663, 0.1512514601910272, 3.244203673205104
-0.9820847253253979, 0.16187994518619434, 3.2517036732051032
-0.9796039283645246, 0.1724201867279472, 3.2592036732051035
-0.9769711405322185, 0.1828668486242108, 3.266703673205103
-0.974188457374741, 0.19321472080236343, 3.274203673205103
-0.9712580774561036, 0.20345872517680713, 3.2817036732051035
-0.968182297998736, 0.21359392115496278, 3.289203673205103
-0.9649635103803093, 0.2236155107715496, 3.296703673205104
-0.9616041955025278, 0.2335188434426571, 3.3042036732051034
-0.9581069190478474, 0.24329942033284768, 3.311703673205103
-0.9544743266401959, 0.2529528983300858, 3.319203673205103
-0.9507091389257544, 0.2624750936250152, 3.3267036732051034
-0.9468141465897836, 0.2718619848926859, 3.3342036732051037
-0.9427922053253408, 0.28110971607640867, 3.341703673205103
-0.9386462307694846, 0.2902145987749678, 3.3492036732051025
-0.934379193422288, 0.2991731142358936, 3.3567036732051037
-0.9299941135636072, 0.3079819149589246, 3.364203673205103
-0.9254940561821169, 0.31663782591518114, 3.3717036732051033
-0.9208821259306779, 0.3251378453887884, 3.3792036732051036
-0.9161614621215284, 0.33347914544898244, 3.386703673205103
-0.9113352337742364, 0.3416590720618095, 3.3942036732051033
-0.9064066347287337, 0.34967514485158163, 3.4017036732051027
-0.9013788788350696, 0.35752505652324373, 3.409203673205104
-0.8962551952308778, 0.3652066719576157, 3.4167036732051033
-0.8910388237167889, 0.37271802699233403, 3.4242036732051027
-0.8857330102393411, 0.3800573269019106, 3.431703673205104
-0.8803410024901657, 0.38722294459099427, 3.4392036732051032
-0.8748660456294575, 0.3942134185154117, 3.4467036732051035
-0.8693113781410362, 0.40102745034593346, 3.454203673205103
-0.863680227825471, 0.40766390239011463, 3.461703673205103
-0.8579758079370534, 0.41412179478773203, 3.4692036732051035
-0.8522013134696058, 0.42040030249555727, 3.476703673205103
-0.8463599175954076, 0.42649875207725435, 3.484203673205104
-0.8404547682608006, 0.432416618314199, 3.4917036732051034
-0.8344889849413054, 0.4381535206529916, 3.499203673205103
-0.8284656555584513, 0.44370921950524506, 3.506703673205103
-0.8223878335598247, 0.44908361241508815, 3.5142036732051034
-0.8162585351632288, 0.4542767301095519, 3.5217036732051037
-0.8100807367652593, 0.459288732446701, 3.529203673205103
-0.8038573725140084, 0.4641199042760291, 3.5367036732051025
-0.797591332045097, 0.4687706512252304, 3.5442036732051037
-0.7912854583797129, 0.47324149542702787, 3.551703673205103
-0.7849425459828466, 0.47753307119928406, 3.5592036732051033
-0.7785653389795323, 0.4816461206910825, 3.5667036732051036
-0.7721565295264232, 0.4855814895069832, 3.574203673205103
-0.7657187563357152, 0.48934012232108826, 3.5817036732051033
-0.7592546033480791, 0.4929230584919822, 3.5892036732051027
-0.7527665985509362, 0.4963314276890631, 3.596703673205104
-0.7462572129381894, 0.499566445540158, 3.6042036732051033
-0.7397288596072139, 0.5026294093097634, 3.6117036732051027
-0.7331838929887798, 0.5055216936166224, 3.619203673205104
-0.7266246082053449, 0.5082447461987777, 3.6267036732051032
-0.7200532405530097, 0.5108000837336547, 3.6342036732051035
-0.7134719651023551, 0.5131892877201217, 3.641703673205103
-0.7068828964132152, 0.5154140004289289, 3.649203673205103
-0.7002880883584303, 0.5174759209273424, 3.6567036732051035
-0.6936895340515377, 0.5193768011832545, 3.664203673205103
-0.6870891658733466, 0.5211184422535082, 3.671703673205104
-0.6804888555923614, 0.5227026905606525, 3.6792036732051034
-0.6738904145739746, 0.5241314342618547, 3.686703673205103
-0.6672955940734618, 0.5254065997131978, 3.694203673205103
-0.6607060856077963, 0.5265301480321387, 3.7017036732051034
-0.6541235214013945, 0.5275040717604551, 3.7092036732051037
-0.6475494749009839, 0.5283303916295851, 3.716703673205103
-0.6409854613548592, 0.5290111534298636, 3.7242036732051025
-0.6344329384519164, 0.529548424984781, 3.7317036732051037
-0.6278933070159498, 0.5299442932310259, 3.739203673205103
-0.6213679117508024, 0.5302008614047421, 3.7467036732051033
-0.6148580420321413, 0.5303202463341116, 3.7542036732051036
-0.608364932741694, 0.5303045758380802, 3.761703673205103
-0.6018897651399661, 0.5301559862307694, 3.7692036732051033
-0.595433667773599, 0.529876619930867, 3.7767036732051027
-0.5889977174136398, 0.5294686231750478, 3.784203673205104
-0.5825829400212008, 0.5289341438342767, 3.7917036732051033
-0.5761903117370619, 0.52827532933163, 3.7992036732051027
-0.5698207598919989, 0.527494324660115, 3.806703673205104
-0.5634751640347145, 0.5265932704987959, 3.8142036732051032
-0.5571543569744064, 0.5255743014253896, 3.8217036732051035
-0.5508591258351994, 0.524439544223382, 3.829203673205103
-0.5445902131197483, 0.5231911162815842, 3.836703673205103
-0.5383483177795313, 0.5218311240839713, 3.8442036732051035
-0.5321340962894419, 0.5203616617875465, 3.851703673205103
-0.5259481637244611, 0.5187848098859129, 3.859203673205104
-0.5197910948363303, 0.5171026339561777, 3.8667036732051034
-0.5136634251282385, 0.5153171834867574, 3.874203673205103
-0.5075656519257302, 0.5134304907836315, 3.881703673205103
-0.501498235442116, 0.5114445699525553, 3.8892036732051034
-0.4954615998368068, 0.5093614159547292, 3.8967036732051037
-0.4894561342651209, 0.5071830037334183, 3.904203673205103
-0.4834821939182102, 0.5049112874090114, 3.9117036732051025
-0.47754010105187483, 0.5025481995400177, 3.9192036732051037
-0.47163014600313835, 0.5000956504475221, 3.926703673205103
-0.46575258819353293, 0.49755552760061733, 3.9342036732051033
-0.45990765711819376, 0.4949296950603948, 3.9417036732051036
-0.45409555331989154, 0.4922199929800677, 3.949203673205103
-0.4483164493472601, 0.4894282371588627, 3.9567036732051033
-0.44257049069655663, 0.4865562186473506, 3.9642036732051027
-0.43685779673634106, 0.48360570340191533, 3.971703673205104
-0.4311784616145854, 0.4805784319861342, 3.9792036732051033
-0.4255325551477337, 0.47747611931685874, 3.9867036732051027
-0.41992012369136467, 0.474300454452869, 3.994203673205104
-0.41434119099212446, 0.47105310042400844, 4.001703673205103
-0.4087957590206624, 0.4677356940987554, 4.0092036732051035
-0.403283808785393, 0.46434984608827373, 4.016703673205103
-0.39780530112690743, 0.4608971406850056, 4.024203673205103
-0.3923601774929525, 0.45737913583395606, 4.0317036732051035
-0.3869483606939062, 0.4537973631348617, 4.039203673205103
-0.38156975563873974, 0.45015332787349926, 4.046703673205104
-0.37622425005149795, 0.4464485090804584, 4.054203673205103
-0.370911715168338, 0.44268435961573716, 4.061703673205103
-0.3656320064152412, 0.4388623062776105, 4.069203673205103
-0.3603849640665094, 0.4349837499342541, 4.076703673205103
-0.35517041388419623, 0.431050065676671, 4.084203673205104
-0.34998816773865726, 0.4270626029915352, 4.091703673205103
-0.34483802421041115, 0.42302268595260517, 4.0992036732051025
-0.33971976917354046, 0.4189316134294334, 4.106703673205104
-0.334633176360872, 0.4147906593121416, 4.114203673205103
-0.32957800791117803, 0.410601072751075, 4.121703673205103
-0.3245540148986998, 0.4063640784102358, 4.129203673205104
-0.31956093784525164, 0.4020808767334015, 4.136703673205103
-0.31459850721521654, 0.3977526442219152, 4.144203673205103
-0.3096664438937447, 0.3933805337231779, 4.151703673205103
-0.30476445964845683, 0.388965674728902, 4.159203673205104
-0.29989225757499843, 0.38450917368226295, 4.166703673205103
-0.2950495325267487, 0.3800121142930888, 4.174203673205103
-0.29023597152904557, 0.3754755578603145, 4.181703673205104
-0.2854512541782555, 0.37090054360094127, 4.189203673205103
-0.28069505302601944, 0.3662880889847733, 4.1967036732051035
-0.2759670339490456, 0.3616391900742874, 4.204203673205103
-0.2712668565047689, 0.3569548218689694, 4.211703673205103
-0.26659417427324317, 0.3522359386535409, 4.2192036732051035
-0.26194863518559997, 0.3474834743494952, 4.226703673205103
-0.2573298818394213, 0.342698342869416, 4.234203673205104
-0.25273755180138086, 0.3378814384735877, 4.241703673205103
-0.24817127789747287, 0.3330336361284097, 4.249203673205103
-0.24363068849119054, 0.32815579186619714, 4.256703673205103
-0.23911540774997675, 0.3232487431459459, 4.264203673205103
-0.23462505590027893, 0.31831330921467976, 4.271703673205104
-0.23015924947154162, 0.31335029146902754, 4.279203673205103
-0.22571760152945464, 0.3083604738166947, 4.2867036732051025
-0.22129972189878153, 0.3033446230375254, 4.294203673205104
-0.21690521737608276, 0.29830348914387406, 4.301703673205103
-0.21253369193263028, 0.29323780574000663, 4.309203673205103
-0.20818474690783983, 0.2881482903803165, 4.316703673205104
-0.20385798119350002, 0.2830356449261124, 4.324203673205103
-0.1995529914090993, 0.277900555900782, 4.331703673205103
-0.19526937206854303, 0.27274369484315514, 4.339203673205103
-0.1910067157385294, 0.26756571865888173, 4.346703673205104
-0.18676461318887858, 0.2623672699696976, 4.354203673205103
-0.1825426535350627, 0.2571489774604144, 4.361703673205103
-0.17834042437322215, 0.25191145622354, 4.369203673205104
-0.1741575119079182, 0.2466553081014126, 4.376703673205103
-0.16999350107286396, 0.24138112202574247, 4.3842036732051035
-0.165847975644903, 0.2360894743545098, 4.391703673205103
-0.1617205183514531, 0.23078092920612098, 4.399203673205103
-0.15761071097166884, 0.22545603879079057, 4.4067036732051035
-0.15351813443153955, 0.22011534373908523, 4.414203673205103
-0.14944236889315005, 0.21475937342760126, 4.421703673205104
-0.1453829938383314, 0.20938864630175855, 4.429203673205103
-0.14133958814689368, 0.20400367019566915, 4.436703673205103
-0.1373117301696706, 0.19860494264910042, 4.444203673205103
-0.1332989977965642, 0.19319295122151572, 4.451703673205103
-0.12930096851978837, 0.1877681738032016, 4.459203673205104
-0.12531721949250554, 0.18233107892350003, 4.466703673205103
-0.1213473275830402, 0.17688212605616352, 4.4742036732051025
-0.11739086942485347, 0.17142176592186364, 4.481703673205104
-0.11344742146245769, 0.16595044078789012, 4.489203673205103
-0.1095165599934308, 0.16046858476506143, 4.496703673205103
-0.10559786120671917, 0.15497662410192142, 4.504203673205104
-0.10169090121737398, 0.14947497747624555, 4.511703673205103
-0.09779525609788789, 0.14396405628392128, 4.519203673205103
-0.09391050190629185, 0.13844426492526768, 4.526703673205103
-0.09003621471115075, 0.13291600108884, 4.534203673205104
-0.08617197061362286, 0.12737965603280976, 4.541703673205103
-0.08231734576670552, 0.12183561486396026, 4.549203673205103
-0.07847191639182798, 0.11628425681440077, 4.556703673205104
-0.074635258792919, 0.11072595551606258, 4.564203673205103
-0.07080694936807504, 0.10516107927304452, 4.5717036732051035
-0.06698656461897898, 0.09958999133191897, 4.579203673205103
-0.063173681158177, 0.09401305015005335, 4.586703673205103
-0.0593678757143543, 0.08843060966205753, 4.5942036732051035
-0.05556872513572119, 0.08284301954443031, 4.601703673205103
-0.05177580639163259, 0.07725062547850166, 4.609203673205104
-0.04798869657256587, 0.07165376941177436, 4.616703673205103
-0.04420697288855466, 0.06605278981773416, 4.624203673205103
-0.04043021266621131, 0.06044802195425386, 4.631703673205103
-0.03665799334443759, 0.05483979812067169, 4.639203673205103
-0.03288989246893386, 0.04922844791364451, 4.646703673205104
-0.029125487685618418, 0.04361429848188191, 4.654203673205103
-0.025364356733058705, 0.03799767477985562, 4.6617036732051025
-0.021606077434023284, 0.03237889982059267, 4.669203673205104
-0.017850227686259, 0.026758294927656346, 4.676703673205103
-0.014096385452584247, 0.02113617998640147, 4.684203673205103
-0.01034412875041953, 0.015512873694637625, 4.691703673205104
-0.006593035640838666, 0.009888693812779127, 4.699203673205103
-0.002842684217247884, 0.004263957413597792, 4.706703673205103
0.0009073474062036899, -0.001361018868310015, 4.714203673205103
0.0046574811063944685, -0.006985918587253364, 4.721703673205104
0.008408138763066439, -0.012610425237243214, 4.729203673205103
0.01215974227064839, -0.018234222002779854, 4.736703673205103
0.015912713549947936, -0.023856991509495912, 4.744203673205104
0.019667474559621752, -0.029478415574561715, 4.751703673205103
0.02342444730733308, -0.03509817495675978, 4.7592036732051035
0.027184053860477217, -0.04071594910609381, 4.766703673205103
0.030946716356395013, -0.04633141591285759, 4.774203673205103
0.03471285701195679, -0.051944251456034644, 4.7817036732051035
0.038482898132426245, -0.057554129750941915, 4.789203673205103
0.042257262119497416, -0.06316072249600803, 4.796703673205104
0.04603637147839322, -0.06876369881857297, 4.804203673205103
0.049820648823937774, -0.07436272501963351, 4.811703673205103
0.0536105168854757, -0.07995746431740407, 4.819203673205103
0.05740639851054163, -0.08554757658961104, 4.826703673205103
0.061208716667169025, -0.09113271811442071, 4.834203673205104
0.06501789444472181, -0.09671254130989754, 4.841703673205103
0.06883435505313969, -0.10228669447190426, 4.8492036732051025
0.07265852182047652, -0.1078548215103434, 4.856703673205104
0.07649081818861267, -0.11341656168364726, 4.864203673205103
0.08033166770703158, -0.1189715493314425, 4.871703673205103
0.0841814940245181, -0.12451941360527277, 4.879203673205104
0.08804072087866882, -0.13005977819731865, 4.886703673205103
0.09190977208307906, -0.13559226106702107, 4.894203673205103
0.09578907151206956, -0.14111647416552084, 4.901703673205103
0.09967904308282997, -0.146632023157854, 4.909203673205104
0.1035801107348233, -0.15213850714280236, 4.916703673205103
0.1074926984063306, -0.15763551837035902, 4.924203673205103
0.11141723000796994, -0.1631226419567096, 4.931703673205104
0.11535412939304904, -0.168599455596679, 4.939203673205103
0.1193038203246076, -0.1740655292735928, 4.9467036732051035
0.123266726438971, -0.17952042496647086, 4.954203673205103
0.1272432712056761, -0.18496369635452792, 4.961703673205103
0.13123387788358584, -0.19039488851891273, 4.9692036732051035
0.135238969473035, -0.195813537641658, 4.976703673205103
0.13925896866382825, -0.20121917070180084, 4.984203673205104
0.1432942977789038, -0.20661130516863063, 4.991703673205103
0.14734537871349662, -0.211989448692066, 4.999203673205103
0.1514126328695923, -0.21735309879011425, 5.006703673205103
0.15549648108548889, -0.2227017425334188, 5.014203673205103
0.15959734356026728, -0.22803485622688952, 5.021703673205104
0.16371563977296116, -0.23335190508841472, 5.029203673205103
0.16785178839622178, -0.2386523429246736, 5.0367036732051025
0.1720062072042577, -0.24393561180406487, 5.044203673205104
0.17617931297482783, -0.24920114172678084, 5.051703673205103
0.1803715213850744, -0.25444835029208474, 5.059203673205103
0.1845832469009415, -0.2596766423628131, 5.066703673205104
0.1888149026599614, -0.26488540972719243, 5.074203673205103
0.19306690034715654, -0.2700740307580311, 5.081703673205103
0.19733965006380302, -0.27524187006936945, 5.089203673205103
0.2016335601888141, -0.2803882781707019, 5.096703673205104
0.2059490372324626, -0.28551259111886207, 5.104203673205103
0.2102864856821999, -0.2906141301677262, 5.111703673205103
0.2146463078402741, -0.29569220141584984, 5.119203673205104
0.21902890365288047, -0.30074609545220954, 5.126703673205103
0.22343467053056776, -0.305775087000235, 5.1342036732051035
0.22786400315958755, -0.31077843456029763, 5.141703673205103
0.23231729330391576, -0.31575538005089837, 5.149203673205103
0.23679492959762413, -0.320705148448758, 5.1567036732051035
0.24129729732730978, -0.3256269474280828, 5.164203673205103
0.24582477820426535, -0.3305199669992681, 5.171703673205104
0.25037775012606595, -0.3353833791473297, 5.179203673205103
0.25495658692727, -0.34021633747040225, 5.186703673205103
0.25956165811888754, -0.34501797681862295, 5.194203673205103
0.2641933286162966, -0.3497874129337855, 5.201703673205103
0.26885195845527593, -0.3545237420901573, 5.209203673205104
0.27353790249581067, -0.35922604073688025, 5.216703673205103
0.278251510113336, -0.3638933651424121, 5.2242036732051025
0.28299312487707234, -0.3685247510414878, 5.231703673205104
0.28776308421510666, -0.37311921328511377, 5.239203673205103
0.2925617190658876, -0.3776757454941577, 5.246703673205103
0.2973893535157648, -0.3821933197170912, 5.254203673205104
0.302246304422247, -0.38667088609252465, 5.261703673205103
0.30713288102262526, -0.3911073725171785, 5.269203673205103
0.31204938452761133, -0.3955016843199812, 5.276703673205103
0.31699610769966524, -0.39985270394303585, 5.284203673205104
0.32197333441565246, -0.4041592906302122, 5.291703673205103
0.3269813392135247, -0.4084202801242014, 5.299203673205103
0.3320203868226697, -0.41263448437286926, 5.306703673205104
0.3370907316776217, -0.41680069124582275, 5.314203673205103
0.3421926174148295, -0.42091766426214744, 5.3217036732051035
0.34732627635215446, -0.4249841423302931, 5.329203673205103
0.3524919289508326, -0.4289988395011753, 5.336703673205103
0.3576897832595991, -0.43296044473557255, 5.3442036732051035
0.36292003434072684, -0.4368676216869791, 5.351703673205103
0.3681828636777228, -0.4407190085011107, 5.359203673205104
0.373478438564442, -0.44451321763330703, 5.366703673205103
0.3788069114754322, -0.44824883568516344, 5.374203673205103
0.3841684194172922, -0.45192442326173027, 5.381703673205103
0.38956308326089534, -0.45553851485071845, 5.389203673205103
0.39499100705433915, -0.4590896187251843, 5.396703673205104
0.40045227731650623, -0.46257621687123057, 5.404203673205103
0.4059469623111655, -0.46599676494231945, 5.4117036732051025
0.41147511130156517, -0.46934969224184997, 5.419203673205104
0.41703675378551125, -0.47263340173571095, 5.426703673205103
0.42263189871098295, -0.4758462700965925, 5.434203673205103
0.4282605336723356, -0.47898664778186995, 5.441703673205104
0.4339226240872399, -0.4820528591469633, 5.449203673205103
0.4396181123545247, -0.48504320259611533, 5.456703673205103
0.4453469169931435, -0.48795595077258924, 5.464203673205103
0.45110893176257033, -0.490789350790353, 5.471703673205104
0.45690402476494474, -0.49354162450935607, 5.479203673205103
0.46273203752940995, -0.4962109688565775, 5.486703673205103
0.46859278407909394, -0.4987955561950506, 5.494203673205104
0.474486049981299, -0.5012935347431349, 5.501703673205103
0.4804115913815432, -0.5037030290463532, 5.5092036732051035
0.48636913402213416, -0.5060221405041307, 5.516703673205103
0.49235837224610235, -0.5082489479538417, 5.524203673205103
0.49837896798735465, -0.5103815083145745, 5.5317036732051035
0.5044305497480471, -0.5124178572930803, 5.539203673205103
0.5105127115642472, -0.5143560101543716, 5.546703673205104
0.5166250119610569, -0.5161939625594674, 5.554203673205103
0.522766972898514, -0.5179296914727981, 5.561703673205103
0.5289380787096365, -0.5195611561417665, 5.569203673205103
0.5351377750321513, -0.5210862991509836, 5.576703673205103
0.5413654677355366, -0.5225030475536677, 5.584203673205104
0.547620521845135, -0.5238093140826829, 5.591703673205103
0.5539022604652344, -0.5250029984436629, 5.5992036732051025
0.5602099637031286, -0.5260819886926182, 5.606703673205104
0.5665428675963157, -0.5270441627003849, 5.614203673205103
0.5729001630451467, -0.5278873897061997, 5.621703673205103
0.5792809947533296, -0.5286095319626108, 5.629203673205103
0.5856844601789047, -0.5292084464738507, 5.636703673205103
0.5921096084983916, -0.5296819868296857, 5.644203673205103
0.5985554395870055, -0.5300280051366439, 5.651703673205103
0.605020903017962, -0.5302443540483831, 5.659203673205104
0.611504897084036, -0.5303288888968164, 5.666703673205103
0.618006267844734, -0.5302794699254387, 5.674203673205103
0.6245238082025223, -0.5300939646261158, 5.681703673205103
0.631056257011763, -0.5297702501803915, 5.689203673205103
0.6376022982241272, -0.5293062160061456, 5.6967036732051035
0.6441605600743993, -0.528699766410192, 5.704203673205103
0.6507296143107446, -0.527948823347144, 5.711703673205102
0.6573079754736207, -0.5270513292845885, 5.7192036732051035
0.663894100227667, -0.5260052501743091, 5.726703673205103
0.670486386751037, -0.5248085785289655, 5.734203673205103
0.6770831741867072, -0.5234593366032987, 5.741703673205103
0.6836827421604668, -0.5219555796785533, 5.749203673205103
0.6902833103703432, -0.5202953994484212, 5.756703673205103
0.6968830382523121, -0.5184769275044049, 5.7642036732051025
0.7034800247272385, -0.5164983389180504, 5.771703673205104
0.7100723080340022, -0.514357855917068, 5.779203673205103
0.7166578656538724, -0.5120537516518612, 5.7867036732051025
0.7232346143311447, -0.5095843540485164, 5.794203673205104
0.7298004101951153, -0.5069480497437783, 5.801703673205103
0.7363530489884491, -0.5041432880970084, 5.809203673205103
0.7428902664069155, -0.5011685852736016, 5.816703673205103
0.7494097385554792, -0.4980225283937479, 5.824203673205103
0.7559090825255849, -0.49470377973988766, 5.831703673205103
0.7623858570984144, -0.49121108101560906, 5.839203673205103
0.7688375635787362, -0.487543257648158, 5.846703673205104
0.7752616467637938, -0.48369922312614927, 5.854203673205103
0.7816554960515362, -0.47967798336344575, 5.861703673205103
0.7880164466921938, -0.4754786410796161, 5.869203673205103
0.7943417811870207, -0.471100400186765, 5.876703673205103
0.8006287308376956, -0.4665425701719547, 5.8842036732051035
0.8068744774495638, -0.46180457046387446, 5.891703673205103
0.8130761551915556, -0.45688593477184475, 5.899203673205102
0.819230852615217, -0.451786315384721, 5.9067036732051035
0.8253356148348715, -0.4465054874167375, 5.914203673205103
0.831387445870501, -0.4410433529868389, 5.921703673205103
0.8373833111543879, -0.43539994531762133, 5.929203673205103
0.8433201402021073, -0.42957543273955234, 5.936703673205103
0.8491948294478571, -0.42357012258578386, 5.944203673205103
0.8550042452435416, -0.4173844649625475, 5.9517036732051025
0.8607452270204322, -0.4110190563798138, 5.959203673205104
0.8664145906115454, -0.4044746432267221, 5.966703673205103
0.8720091317322668, -0.3977521250760606, 5.9742036732051025
0.877525629616004, -0.3908525578020469, 5.981703673205104
0.8829608508009775, -0.3837771564955844, 5.989203673205103
0.888311553063538, -0.3765272981612083, 5.996703673205103
0.8935744894926112, -0.3691045241801109, 6.004203673205103
0.8987464126991818, -0.36151054252376164, 6.011703673205103
0.9038240791539136, -0.3537472297029907, 6.019203673205103
0.908804253645287, -0.345816632437722, 6.026703673205103
0.9136837138498524, -0.3377209690330327, 6.034203673205104
0.9184592550054432, -0.32946263044776797, 6.041703673205103
0.9231276946774896, -0.3210441810425326, 6.049203673205103
0.9276858776077984, -0.3124683589946875, 6.056703673205103
0.9321306806345112, -0.3037380763687368, 6.064203673205103
0.9364590176712603, -0.29485641883142943, 6.0717036732051035
0.9406678447329005, -0.2858266450019064, 6.079203673205103
0.9447541649946075, -0.27665218542829856, 6.086703673205102
0.9487150338705593, -0.2673366411833606, 6.0942036732051035
0.9525475640979235, -0.25788378207298174, 6.101703673205103
0.9562489308114192, -0.24829754445269284, 6.109203673205103
0.9598163765933055, -0.23858202864877298, 6.116703673205103
0.9632472164833518, -0.22874149598191199, 6.124203673205103
0.9665388429330499, -0.21878036539296358, 6.131703673205103
0.9696887306881518, -0.20870320967187303, 6.1392036732051025
0.9726944415835027, -0.1985147512924213, 6.146703673205104
0.9755536292340875, -0.18821985785713174, 6.154203673205103
0.9782640436062734, -0.17782353715823587, 6.1617036732051025
0.9808235354533333, -0.1673309318623647, 6.169203673205104
0.9832300605995664, -0.1567473138282189, 6.176703673205103
0.985481684057627, -0.14607807806812226, 6.184203673205103
0.987576583964039, -0.135328736366072, 6.191703673205103
0.9895130553183661, -0.12450491056638849, 6.199203673205103
0.9912895135120395, -0.1136123255487273, 6.206703673205103
0.9929044976334962, -0.10265680190663931, 6.214203673205103
0.9943566735369834, -0.09164424834834842, 6.221703673205104
0.9956448366631788, -0.0805806538397887, 6.229203673205103
0.9967679146006495, -0.0694720795111498, 6.236703673205103
0.9977249693780854, -0.0583246503494704, 6.244203673205103
0.9985151994782593, -0.04714454670080966, 6.251703673205103
0.9991379415656981, -0.03593799560652857, 6.2592036732051035
0.9995926719211696, -0.02471126199907371, 6.266703673205103
0.9998790075772176, -0.013470639783351002, 6.274203673205102
0.9999967071501843, -0.0022224428303947684, 6.2817036732051035
0.9999456713653492, 0.009027004089518427, 6.289203673205103
0.9997259432730685, 0.020271374406883674, 6.296703673205103
0.9993377081550351, 0.03150434885841677, 6.304203673205103
0.9987812931210401, 0.04271962457032773, 6.311703673205103
0.9980571663978699, 0.0539109240918504, 6.319203673205103
0.9971659363132083, 0.06507200435172796, 6.3267036732051025
0.9961083499786433, 0.07619666551079975, 6.334203673205104
0.994885291677073, 0.08727875968428929, 6.341703673205103
0.993497780960961, 0.09831219950817431, 6.3492036732051025
0.9919469704690247, 0.10929096652469958, 6.356703673205104
0.9902341434700013, 0.12020911936309904, 6.364203673205103
0.9883607111431585, 0.1310608016926292, 6.371703673205103
0.986328209606181, 0.14184024992607802, 6.379203673205103
0.9841382967019381, 0.1525418006532712, 6.386703673205103
0.9817927485564806, 0.16315989778532358, 6.394203673205103
0.9792934559213382, 0.17368909939187158, 6.401703673205103
0.97664242031387, 0.18412408421495885, 6.409203673205104
0.9738417499700055, 0.19445965784477512, 6.416703673205103
0.9708936556242012, 0.20469075854409982, 6.424203673205103
0.9678004461318752, 0.2148124627098208, 6.431703673205103
0.964564523949901, 0.22481998996163013, 6.439203673205103
0.9611883804909819, 0.23470870784962286, 6.4467036732051035
0.9576745913679068, 0.2444741361741824, 6.454203673205104
0.9540258115437436, 0.25411195091320266, 6.461703673205102
0.9502447704040321, 0.263617987753349, 6.469203673205103
0.9463342667669592, 0.27298824522362003, 6.476703673205103
0.9422971638473121, 0.2822188874311318, 6.484203673205103
0.9381363841897986, 0.2913062464004947, 6.491703673205103
0.9338549045870023, 0.30024682401967834, 6.499203673205102
0.9294557509968635, 0.3090372935966803, 6.506703673205104
0.9249419934741816, 0.3176745010326045, 6.5142036732051025
0.9203167411300729, 0.32615546561817016, 6.521703673205103
0.9155831371328831, 0.33447738046168324, 6.529203673205103
0.910744353763367, 0.3426376125578107, 6.536703673205103
0.9058035875363964, 0.3506337025074064, 6.544203673205104
0.9007640544007599, 0.35846336389964045, 6.551703673205102
0.8956289850279372, 0.36612448236854134, 6.559203673205104
0.8904016202000444, 0.37361511433677735, 6.566703673205103
0.885085206306339, 0.3809334854602922, 6.574203673205103
0.87968299095704, 0.3880779887878331, 6.581703673205103
0.874198218722348, 0.3950471826500621, 6.589203673205104
0.8686341270038721, 0.4018397882932423, 6.596703673205104
0.862993942044873, 0.40845468727284806, 6.604203673205102
0.8572808750849804, 0.41489091862269095, 6.611703673205103
0.8514981186643246, 0.42114767581526247, 6.619203673205103
0.8456488430812361, 0.42722430352913254, 6.626703673205103
0.8397361930070093, 0.4331202942391811, 6.6342036732051035
0.833763284260486, 0.43883528464540494, 6.641703673205104
0.8277332007445602, 0.4443690519558891, 6.649203673205102
0.8216489915460399, 0.449721510039346, 6.656703673205103
0.8155136681997043, 0.4548927054623385, 6.664203673205103
0.8093302021167531, 0.45988281342603754, 6.671703673205103
0.8031015221773289, 0.46469213361696665, 6.679203673205103
0.796830512486226, 0.46932108598580224, 6.686703673205102
0.7905200102904053, 0.4737702064678658, 6.694203673205104
0.784172804056495, 0.47804014265843436, 6.7017036732051025
0.7777916317059437, 0.48213164945556347, 6.709203673205103
0.7713791790052131, 0.4860455846824903, 6.716703673205103
0.7649380781079074, 0.4897829047012299, 6.724203673205103
0.7584709062454851, 0.4933446600283492, 6.731703673205104
0.7519801845628683, 0.4967319909633544, 6.739203673205102
0.7454683770949904, 0.4999461232395345, 6.746703673205104
0.7389378898801293, 0.5029883637064959, 6.754203673205103
0.73239107020558, 0.5058600960530757, 6.761703673205103
0.7258302059811729, 0.5085627765786551, 6.769203673205103
0.7192575252358704, 0.5110979300203832, 6.776703673205104
0.712675195732645, 0.5134671454431814, 6.784203673205104
0.7060853246967095, 0.5156720721988599, 6.791703673205102
0.6994899586521018, 0.5177144159600984, 6.799203673205103
0.692891083361619, 0.5195959348345008, 6.806703673205103
0.6862906238650112, 0.5213184355634042, 6.814203673205103
0.6796904446104051, 0.5228837698095963, 6.8217036732051035
0.673092349673911, 0.5242938305376043, 6.829203673205104
0.6664980830624111, 0.5255505484897284, 6.836703673205102
0.6599093290945706, 0.5266558887605447, 6.844203673205103
0.6533277128552114, 0.5276118474721426, 6.851703673205103
0.646754800718211, 0.5284204485519642, 6.859203673205103
0.640192100933239, 0.5290837406146932, 6.866703673205103
0.6336410642717131, 0.5296037939492768, 6.874203673205102
0.6271030847274686, 0.5299826976118033, 6.881703673205104
0.6205795002677992, 0.5302225566246207, 6.8892036732051025
0.6140715936305566, 0.5303254892817777, 6.896703673205103
0.6075805931632722, 0.5302936245605641, 6.904203673205103
0.6011076737002605, 0.5301290996386646, 6.911703673205103
0.5946539574739094, 0.5298340575161914, 6.919203673205104
0.5882205150564548, 0.5294106447416159, 6.926703673205102
0.581808366328701, 0.528861009240428, 6.934203673205104
0.5754184814723261, 0.5281872982451425, 6.941703673205103
0.5690517819824752, 0.5273916563251029, 6.949203673205103
0.5627091416976305, 0.526476223514377, 6.956703673205103
0.5563913878437613, 0.5254431335358973, 6.964203673205104
0.5500993020899971, 0.5242945121198701, 6.971703673205104
0.5438336216131793, 0.523032475414373, 6.979203673205102
0.5375950401687856, 0.5216591284859621, 6.986703673205103
0.5313842091659015, 0.5201765639080311, 6.994203673205103
0.5252017387439967, 0.5185868604345918, 7.001703673205103
0.5190481988494543, 0.5168920817570951, 7.0092036732051035
0.5129241203099036, 0.5150942753418586, 7.016703673205104
0.5068299959045476, 0.5131954713456428, 7.024203673205102
0.5007662814287923, 0.5111976816068813, 7.031703673205103
0.49473339675163575, 0.5091028987100706, 7.039203673205103
0.48873172686434213, 0.5069130951208011, 7.046703673205103
0.48276162291909025, 0.5046302223889257, 7.054203673205103
0.47682340325636613, 0.5022562104173677, 7.061703673205102
0.47091735441997234, 0.4997929667940771, 7.069203673205104
0.4650437321586675, 0.4972423761846879, 7.0767036732051025
0.459202762413455, 0.49460629978341436, 7.084203673205103
0.4533946422897594, 0.49188657481981335, 7.091703673205103
0.44761954101369156, 0.48908501411901933, 7.099203673205103
0.44187760087176897, 0.48620340571313964, 7.106703673205104
0.43616893813350194, 0.48324351250151987, 7.114203673205102
0.4304936439563286, 0.4802070719576408, 7.121703673205104
0.4248517852724908, 0.4770957958804748, 7.129203673205103
0.4192434056574225, 0.47391137018813484, 7.136703673205103
0.41366852617941, 0.47065545475177256, 7.144203673205103
0.4081271462302171, 0.4673296832676677, 7.151703673205104
0.40261924433650903, 0.4639356631655561, 7.159203673205104
