0.08474301457147801, 3.238639848215089e-05, 3,3, 0.441
0.08473769216430971, 3.523136506129539e-05, 3,3, 0.45
0.08473190695254929, 3.519056966383026e-05, 3,3, 0.46
0.08472591690866091, 3.402258904218399e-05, 3,3, 0.471
0.08472058691843835, 3.683337740762984e-05, 3,3, 0.481
0.08471479405592597, 3.6758978816006535e-05, 3,3, 0.49
0.08470879337238978, 3.555079892123044e-05, 3,3, 0.501
0.08470345574212568, 3.832754612737908e-05, 3,3, 0.51
0.08469765517624514, 3.821950832042959e-05, 3,3, 0.52
0.0846916437909387, 3.697102537212105e-05, 3,3, 0.531
0.08468629847900261, 3.971363208441189e-05, 3,3, 0.542
0.08475841251337506, 2.6688062155433116e-05, 3,3, 0.552
0.08494145626190724, 2.0459834027342105e-05, 3,3, 0.563
0.08524948731597029, 1.5910121069282206e-05, 3,3, 0.573
0.085673356138024, 1.682210953971665e-05, 3,3, 0.585
0.08620821352258032, 1.7845476125039978e-05, 3,3, 0.594
0.08684598458725476, 1.6048159742882882e-05, 3,3, 0.605
0.08757773081793245, 3.663388021631848e-05, 3,3, 0.616
0.08840949367095557, 6.586248993351807e-05, 3,3, 0.626
0.08968135551650704, 0.0005607833965849873, 3,3, 0.636
0.09153402699844979, 0.0017917691353643783, 3,3, 0.646
0.09399139086716826, 0.00396173793062874, 3,3, 0.656
0.09696307654151308, 0.006972907464111142, 3,3, 0.667
0.10013021857891813, 0.010473332752456719, 3,3, 0.677
0.10315595485219005, 0.014088865784360029, 3,3, 0.687
0.10577681795659008, 0.017802698168459516, 3,3, 0.697
0.10808826864789997, 0.020680843749715634, 3,3, 0.709
0.1102472843362309, 0.024713332658641226, 3,3, 0.719
0.11216272299786174, 0.028748227554503913, 3,3, 0.728
0.1139258268659771, 0.03290517059287176, 3,3, 0.738
0.11549882616023749, 0.03725510975358625, 3,3, 0.749
0.11761655732154477, 0.04154976183268297, 3,3, 0.758
0.12046957548213094, 0.04564250313103556, 3,3, 0.768
0.1234909618494438, 0.049690407974158815, 3,3, 0.777
0.12647754778695464, 0.05388434982327962, 3,3, 0.786
0.12935201492648618, 0.05796145991395213, 3,3, 0.795
0.1320755138530249, 0.06178261073259776, 3,3, 0.806
0.1346858054634713, 0.06601094275244278, 3,3, 0.816
0.13718391448398393, 0.07033628627913946, 3,3, 0.827
0.13955552128049198, 0.07472759883639268, 3,3, 0.838
0.14176614284448497, 0.07917256049725874, 3,3, 0.848
0.14319990505046515, 0.08297674097059898, 3,3, 0.858
0.14407993659332508, 0.08552528458652262, 3,3, 0.867
0.14486280532103268, 0.0868456453237982, 3,3, 0.877
0.14582239367083247, 0.0874875909417232, 3,3, 0.886
0.14688965054246939, 0.08819127831553399, 3,3, 0.895
0.1480423294532104, 0.08897497093653678, 3,3, 0.904
0.14928333334596028, 0.08983690321094379, 3,3, 0.915
0.1505819010940047, 0.09078740283608357, 3,3, 0.926
0.15195462140569527, 0.09180582934291703, 3,3, 0.937
0.15338354822383682, 0.09286554908998731, 3,3, 0.947
0.1549204892390096, 0.0940038461268148, 3,3, 0.957
0.15654363678503103, 0.09519188724587391, 3,3, 0.967
0.15823654722444566, 0.09648428086962219, 3,3, 0.975
0.16002919841002872, 0.09782211640121963, 3,3, 0.984
0.16186946709114292, 0.09919762849059806, 3,3, 0.994
0.16377758301607698, 0.10067389243763064, 3,3, 1.004
0.16582158676292272, 0.10221243166011793, 3,3, 1.016
0.16796915050968922, 0.10377766594990939, 3,3, 1.028
0.1701583924349215, 0.10541673490039787, 3,3, 1.039
0.1724680974899063, 0.1071437661551177, 3,3, 1.049
0.17488211887550542, 0.1088998685060722, 3,3, 1.06
0.17738435706724137, 0.11076249211714927, 3,3, 1.071
0.18000323506007093, 0.11263839095000314, 3,3, 1.071
0.18267948700293968, 0.11461694626245558, 3,3, 1.083
0.18545631256270828, 0.11664341055393852, 3,3, 1.091
0.18834213850777978, 0.11872056181894597, 3,3, 1.102
0.19129214115658094, 0.1208304058576776, 3,3, 1.111
0.19432622130819138, 0.12293804230839096, 3,3, 1.123
0.19744268226581566, 0.12512349011819196, 3,3, 1.134
0.20064028541513748, 0.12730089813369588, 3,3, 1.145
0.20390878977497318, 0.12948685033690488, 3,3, 1.156
0.2072633611532169, 0.1318866461247391, 3,3, 1.169
0.21078285967030957, 0.1348997287948264, 3,3, 1.183
0.21429528807826745, 0.1383791636326807, 3,3, 1.183
0.2177336484078694, 0.1417603033212556, 3,3, 1.197
0.22117777651098855, 0.14523272058974754, 3,3, 1.201
0.22452960204886274, 0.14862575107975626, 3,3, 1.213
0.2278473741107416, 0.15210577842447387, 3,3, 1.227
0.2310947731674191, 0.15564309436332613, 3,3, 1.24
0.234337963213089, 0.15918884051292903, 3,3, 1.2530000000000001
0.23762754091178998, 0.16269261968129434, 3,3, 1.2530000000000001
0.24097064589364892, 0.16615222512579275, 3,3, 1.266
0.24430130926545057, 0.16968426422889152, 3,3, 1.271
0.24763807425211276, 0.17325351380427484, 3,3, 1.284
0.25096385489196305, 0.1768015143958358, 3,3, 1.298
0.2543082813950037, 0.18041781900450155, 3,3, 1.316
0.25760034552280286, 0.1841227282034368, 3,3, 1.316
0.26086404443668626, 0.18779849146253863, 3,3, 1.334
0.26411028823635235, 0.1915288323144578, 3,3, 1.334
0.26729533204873684, 0.19525342759558642, 3,3, 1.3519999999999999
0.2704093997510012, 0.19835549257446572, 3,3, 1.353
0.2736366310218693, 0.20111858293354862, 3,3, 1.373
0.2769801143342571, 0.2038691031938002, 3,3, 1.373
0.2803689722444256, 0.20724501286343866, 3,3, 1.387
0.28377267574988146, 0.2108051825206739, 3,3, 1.3900000000000001
0.2870962129122849, 0.2143189231160143, 3,3, 1.408
0.29041129891520756, 0.21780724029326815, 3,3, 1.426
0.2937302909314926, 0.22134242825105188, 3,3, 1.426
0.2970504222944028, 0.22484173852201655, 3,3, 1.446
0.3003571516430019, 0.22838587368250826, 3,3, 1.446
0.3037303502920746, 0.23194330071331626, 3,3, 1.464
0.30712820079494424, 0.23543082720689207, 3,3, 1.465
0.31054987116865235, 0.23896584360455939, 3,3, 1.482
0.31399682452328626, 0.24252390776552737, 3,3, 1.482
0.31740281818007726, 0.24609754060026673, 3,3, 1.5
0.3207938350986495, 0.24968500440926622, 3,3, 1.501
0.324149250772109, 0.2532571625436001, 3,3, 1.517
0.32754100230501854, 0.2568269772521436, 3,3, 1.536
0.3309120353091659, 0.260370929512278, 3,3, 1.536
0.3342570555174258, 0.2639556827077735, 3,3, 1.554
0.33762027741852485, 0.26746199648502933, 3,3, 1.554
0.3410155951625395, 0.2709546488168452, 3,3, 1.572
0.3444014173273335, 0.27449121353084766, 3,3, 1.572
0.3477863132347006, 0.27800691224574847, 3,3, 1.589
0.35119734491581933, 0.2815047156061867, 3,3, 1.591
0.3545407774511925, 0.2850175193146406, 3,3, 1.607
0.3578951277156281, 0.2885376780933127, 3,3, 1.624
0.3612805344154273, 0.2920628890282602, 3,3, 1.624
0.36466414378727086, 0.295550974840046, 3,3, 1.642
0.36810470513169863, 0.29900321682442554, 3,3, 1.642
0.3715989545608586, 0.3025166530224226, 3,3, 1.659
0.3751356874849643, 0.30604860169532205, 3,3, 1.6600000000000001
0.3787016469672937, 0.30957328575506293, 3,3, 1.6800000000000002
0.3822245717501579, 0.31312429577248835, 3,3, 1.698
0.3857277094985979, 0.3166567603218238, 3,3, 1.698
0.38925757083870416, 0.32015665510545177, 3,3, 1.716
0.3927790125996132, 0.32367322288886813, 3,3, 1.716
0.39629297333275293, 0.3271738655959779, 3,3, 1.733
0.3997926752857851, 0.33064784368765204, 3,3, 1.734
0.40329238478895724, 0.3341392274788445, 3,3, 1.751
0.40675577295783505, 0.33763632961203427, 3,3, 1.751
0.4101969836991243, 0.341101031428106, 3,3, 1.768
0.4136769186167337, 0.34458960662890686, 3,3, 1.771
0.41715212717798955, 0.34808043712072106, 3,3, 1.79
0.4206364715443649, 0.3515491877616994, 3,3, 1.807
0.4240918289888134, 0.3550396107053627, 3,3, 1.807
0.4275472998879623, 0.358539069610363, 3,3, 1.8199999999999998
0.4310056714184101, 0.3620348249254855, 3,3, 1.821
0.43453995200730766, 0.3655451773115435, 3,3, 1.835
0.4380679389622077, 0.36905321532681806, 3,3, 1.8519999999999999
0.4416475655687295, 0.3725835923385169, 3,3, 1.8519999999999999
0.44523587038517515, 0.3760980570767635, 3,3, 1.8679999999999999
0.44882087280475974, 0.37965413059010783, 3,3, 1.871
0.4524003920446797, 0.3832085695899914, 3,3, 1.885
0.45594291531909675, 0.38672750137751527, 3,3, 1.9
0.4595266380174461, 0.39022520703320684, 3,3, 1.916
0.46306125839577067, 0.3937000028778204, 3,3, 1.916
0.46656199382858743, 0.39718916633116447, 3,3, 1.931
0.47013094732684785, 0.4006513658893403, 3,3, 1.931
0.47367332606490997, 0.40415809205864883, 3,3, 1.947
0.47720547612373787, 0.4076687639276687, 3,3, 1.951
0.480748600530383, 0.4111653782102986, 3,3, 1.967
0.4842197157468679, 0.4146520529125669, 3,3, 1.984
0.4877180361896181, 0.41816029441265534, 3,3, 1.984
0.4912806441923691, 0.42163291724408497, 3,3, 2.002
0.4948224719102701, 0.4251463767758771, 3,3, 2.002
0.49841601803900737, 0.42865588599252413, 3,3, 2.019
0.5019938881968772, 0.43216197769676484, 3,3, 2.02
0.5055706993929144, 0.43566802823596074, 3,3, 2.038
0.5091902071527046, 0.4392033190586357, 3,3, 2.057
0.512804820331638, 0.4427399561081869, 3,3, 2.057
0.5164332487323304, 0.44627271110568567, 3,3, 2.074
0.5200620830069951, 0.4497754573195505, 3,3, 2.074
0.5236845156990917, 0.45320593358541694, 3,3, 2.093
0.5273176323170673, 0.4565797048765314, 3,3, 2.093
0.5309131356947574, 0.4600323252436542, 3,3, 2.112
0.5345169115299836, 0.46350095533253455, 3,3, 2.112
0.5381312489512233, 0.4670168415963811, 3,3, 2.129
0.54174949933967, 0.47049145120254043, 3,3, 2.1310000000000002
0.5453419070902819, 0.47395373491451387, 3,3, 2.148
0.5489470553738554, 0.47743134162112644, 3,3, 2.168
0.5525608972038892, 0.4809175084643037, 3,3, 2.168
0.5562045863945545, 0.48438271685329554, 3,3, 2.185
0.5598287937410911, 0.48785831597016005, 3,3, 2.185
0.5634633102506227, 0.49135759349917196, 3,3, 2.203
0.5670741800938374, 0.49488099977218225, 3,3, 2.203
0.5706992830652539, 0.4984176306120819, 3,3, 2.223
0.5743846207249589, 0.5019322542479238, 3,3, 2.223
0.5780302559937361, 0.5053695556434423, 3,3, 2.239
0.5816971650688397, 0.508910086899331, 3,3, 2.24
0.5853293414544725, 0.5124538250579793, 3,3, 2.259
0.5889350075923289, 0.5159655648388324, 3,3, 2.277
0.5925116399797299, 0.5194876597319029, 3,3, 2.277
0.5960540350426835, 0.5230412005938676, 3,3, 2.294
0.5995874846114236, 0.5265023879531773, 3,3, 2.294
0.6031962576370902, 0.5300246036755514, 3,3, 2.311
0.6067727537637075, 0.5335491567728581, 3,3, 2.312
0.6103650663400361, 0.5370372238264638, 3,3, 2.331
0.613916531085451, 0.5404977530485636, 3,3, 2.331
0.6175076113155702, 0.5439915986752686, 3,3, 2.349
0.6210677126600515, 0.5474925354158804, 3,3, 2.35
0.6246453406195459, 0.5509827554548187, 3,3, 2.3689999999999998
0.6282213252576396, 0.5544808412346812, 3,3, 2.387
0.6318173302389517, 0.5579949583573149, 3,3, 2.387
0.6354113194549502, 0.5614501004515365, 3,3, 2.4050000000000002
0.639023095291923, 0.5649464718556513, 3,3, 2.4050000000000002
0.6426514603126798, 0.5684652950721666, 3,3, 2.421
0.6462279252857178, 0.5719760718059328, 3,3, 2.421
0.6498210460761547, 0.5755327442471632, 3,3, 2.438
0.6534234121924947, 0.5790411065150122, 3,3, 2.441
0.6569700777973, 0.5825756824811056, 3,3, 2.458
0.6605332784588137, 0.586111012168985, 3,3, 2.475
0.6640954515584281, 0.5896263753695963, 3,3, 2.476
0.667665267904257, 0.5931232378101372, 3,3, 2.4939999999999998
0.6712238325037694, 0.5966449281853765, 3,3, 2.4939999999999998
0.6747860559611686, 0.6001512031367419, 3,3, 2.511
0.678340330815591, 0.6036704367663014, 3,3, 2.512
0.6819125571439849, 0.607134615545304, 3,3, 2.5300000000000002
0.685499521949878, 0.6105801155653413, 3,3, 2.531
0.6890726380414753, 0.6140665501092016, 3,3, 2.549
0.6926596339922992, 0.6175573381315523, 3,3, 2.567
0.6962666513529865, 0.6210584925106235, 3,3, 2.567
0.6998814887719134, 0.6245395116434489, 3,3, 2.584
0.7034808223110246, 0.6280696483708961, 3,3, 2.584
0.7071171963351475, 0.6316028743833803, 3,3, 2.605
0.7107338469667077, 0.6351412255518979, 3,3, 2.605
0.7143542315497237, 0.6386908420208254, 3,3, 2.624
0.7179502457336329, 0.6422477113936992, 3,3, 2.624
0.7215146389425848, 0.6457470961439725, 3,3, 2.641
0.7251023452656181, 0.6492243977626204, 3,3, 2.641
0.7286476280724278, 0.6527292934148, 3,3, 2.66
0.7321263750424191, 0.6562396197724344, 3,3, 2.661
0.7356013052013167, 0.6597470854384783, 3,3, 2.6790000000000003
0.7390771560509533, 0.6632742168839671, 3,3, 2.695
0.7425721907872769, 0.6667763212081518, 3,3, 2.695
0.7460794279060003, 0.6703203715135179, 3,3, 2.7119999999999997
0.7495379085405168, 0.6738321094635732, 3,3, 2.7119999999999997
0.7530224139558219, 0.6773711592761464, 3,3, 2.732
0.7565148989237745, 0.6809020534511186, 3,3, 2.732
0.7600116597283997, 0.6844277487344612, 3,3, 2.748
0.7634616585096202, 0.6879493600679729, 3,3, 2.751
0.7669483169190356, 0.691442777544825, 3,3, 2.768
0.7704076784459929, 0.6949884816103471, 3,3, 2.787
0.7739217006717161, 0.6985269654711517, 3,3, 2.787
0.7774237284596035, 0.7020939294288535, 3,3, 2.806
0.7808994387206656, 0.7056688405137475, 3,3, 2.806
0.7843734220658779, 0.7092070216293308, 3,3, 2.823
0.7878434066094682, 0.7127397358912142, 3,3, 2.823
0.7912887209157073, 0.7162957990469832, 3,3, 2.841
0.7947095932838323, 0.7198471252982281, 3,3, 2.841
0.7981296429073969, 0.7233680340199884, 3,3, 2.859
0.8015308590330321, 0.7268204513894176, 3,3, 2.86
0.8048949936687047, 0.7303456421543417, 3,3, 2.88
0.808259477980063, 0.7338247561536013, 3,3, 2.899
0.8116528899898059, 0.737331821168481, 3,3, 2.899
0.815052901406514, 0.7408089661313294, 3,3, 2.916
0.8184671180657683, 0.7443013423850162, 3,3, 2.916
0.8218562554625961, 0.7478402831860509, 3,3, 2.9370000000000003
0.8252492682693443, 0.751355912105948, 3,3, 2.9370000000000003
0.8286537792989658, 0.7549054078511258, 3,3, 2.9539999999999997
0.8320427277563313, 0.7584747060790228, 3,3, 2.9539999999999997
0.8354925000141172, 0.7620050941101061, 3,3, 2.9699999999999998
0.8389422710409546, 0.7655391966139113, 3,3, 2.971
0.8423684903468562, 0.769113293542413, 3,3, 2.989
0.8457679688372721, 0.7727030679852546, 3,3, 3.009
0.8491838997243495, 0.7762797765093247, 3,3, 3.009
0.8525954214120703, 0.7797722104111682, 3,3, 3.027
0.8559864755117976, 0.7833356018620369, 3,3, 3.027
0.8593478921556931, 0.7868770360020932, 3,3, 3.048
0.862704712205718, 0.7904263339544999, 3,3, 3.048
0.8660830031979527, 0.7939552408992825, 3,3, 3.066
0.8694553538417666, 0.7974642059526681, 3,3, 3.066
0.8728369344886963, 0.8009714966260153, 3,3, 3.082
0.8761843458229067, 0.8044895438353024, 3,3, 3.083
0.8795597812036641, 0.8080063461606353, 3,3, 3.101
0.8829323996232129, 0.8115237659705854, 3,3, 3.101
0.8863235214655627, 0.8150313831183437, 3,3, 3.12
0.8897267371062598, 0.8185747076923647, 3,3, 3.121
0.8931648009085157, 0.8220843685205754, 3,3, 3.1390000000000002
0.8965860108775524, 0.8256221752356568, 3,3, 3.158
0.9000142832109898, 0.8291024818664741, 3,3, 3.158
0.903419739348467, 0.8325991840732785, 3,3, 3.181
0.9068413368388886, 0.8361503034288903, 3,3, 3.181
0.9102129155613311, 0.8397213409283095, 3,3, 3.181
0.9136548560470119, 0.8432449700877425, 3,3, 3.199
0.9170867633988453, 0.84676812199066, 3,3, 3.2
0.9205243346695967, 0.8502698969920542, 3,3, 3.219
0.9238872134081539, 0.853749102727614, 3,3, 3.239
0.9272866872039087, 0.8572773202795428, 3,3, 3.24
0.9306294946152788, 0.8607817901961576, 3,3, 3.2560000000000002
0.933974823642207, 0.8643235639295924, 3,3, 3.2560000000000002
0.9373634044635866, 0.8678380452905243, 3,3, 3.275
0.9407315838236365, 0.8713358323857594, 3,3, 3.275
0.9441076957681752, 0.8748306037443202, 3,3, 3.295
0.9474996660947537, 0.8783343869535265, 3,3, 3.295
0.9508534881033108, 0.8818616053797343, 3,3, 3.312
0.954254724685076, 0.885389781111888, 3,3, 3.312
0.9576997447620025, 0.8888933428982205, 3,3, 3.33
0.9611295388617445, 0.8924261122853735, 3,3, 3.331
0.9645621724498276, 0.895985392909491, 3,3, 3.349
0.9679705630422278, 0.8995378366192183, 3,3, 3.368
0.97136215659343, 0.9030883784802619, 3,3, 3.368
0.9747899096858529, 0.9066635363723605, 3,3, 3.385
0.9781613425485145, 0.9102299903446591, 3,3, 3.385
0.9814891038424738, 0.9137972022324563, 3,3, 3.402
0.984886639969044, 0.9173024263403986, 3,3, 3.402
0.988238645894107, 0.9208507090952446, 3,3, 3.422
0.9915626689560482, 0.9243874899741658, 3,3, 3.422
0.9948980416343093, 0.927920004626995, 3,3, 3.441
0.998246779123433, 0.9314479813119513, 3,3, 3.441
1.0016175834251313, 0.9349681823513772, 3,3, 3.46
1.005022288028807, 0.9384587763174924, 3,3, 3.461
1.0084499490386472, 0.941956776630931, 3,3, 3.4779999999999998
1.0118089813167925, 0.9454616861237236, 3,3, 3.496
1.0151916538359025, 0.9489827245934526, 3,3, 3.496
1.0185993216201361, 0.9525044978604762, 3,3, 3.513
1.0220497748449993, 0.9560167357299477, 3,3, 3.513
1.0255272215860292, 0.9595413219417288, 3,3, 3.528
1.0289803740837116, 0.9630377701927963, 3,3, 3.531
1.032424494203635, 0.9665740300820626, 3,3, 3.549
1.0358555676764245, 0.9701239850588448, 3,3, 3.567
1.0392816830598812, 0.9736709684103662, 3,3, 3.567
1.0427036820740723, 0.9772191972649809, 3,3, 3.583
1.0461030952217614, 0.980699121893814, 3,3, 3.583
1.0494575789326366, 0.9842415463186107, 3,3, 3.599
1.052783446350652, 0.9877764356529269, 3,3, 3.601
1.0561177761463985, 0.9913178237646757, 3,3, 3.617
1.059459704300924, 0.9948309904525523, 3,3, 3.632
1.0628158778191292, 0.9983629899757006, 3,3, 3.632
1.0661963110687291, 1.00187626127699, 3,3, 3.651
1.069560979833631, 1.005342332121386, 3,3, 3.651
1.0729513378047044, 1.0088349675120645, 3,3, 3.669
1.0763750909575278, 1.012313933352301, 3,3, 3.67
1.0797902588868702, 1.0157811727316983, 3,3, 3.6879999999999997
1.0831966982213668, 1.0192537031752589, 3,3, 3.705
1.0865642388337406, 1.022753318666766, 3,3, 3.705
1.0899847978522208, 1.0262613046439668, 3,3, 3.721
1.0934204979269766, 1.0297726856954257, 3,3, 3.721
1.0968593953458217, 1.0332928944311897, 3,3, 3.741
1.1002541420482297, 1.0368214953792978, 3,3, 3.741
1.1036313079610236, 1.0403617459690087, 3,3, 3.759
1.106995872220357, 1.0438512502461215, 3,3, 3.76
1.110358105232682, 1.0473516720036657, 3,3, 3.779
1.1137392162150148, 1.0508196540840475, 3,3, 3.799
1.1170891652781767, 1.0542499919682966, 3,3, 3.799
1.1204343143481736, 1.057724447262399, 3,3, 3.816
1.12377618432134, 1.0612180026841331, 3,3, 3.816
1.127111709432264, 1.0646812517528739, 3,3, 3.835
1.130445273444299, 1.06812593505765, 3,3, 3.835
1.133778229741484, 1.0716022812228712, 3,3, 3.854
1.1371104030225025, 1.0750602692705133, 3,3, 3.854
1.1404717179897919, 1.0784856036542079, 3,3, 3.873
1.1437893385874442, 1.0819238101120698, 3,3, 3.873
1.1471064560768502, 1.0853978519147487, 3,3, 3.8890000000000002
1.150462187822143, 1.0888608804924105, 3,3, 3.891
1.1538075770097234, 1.0923529993481083, 3,3, 3.908
1.1571886751719656, 1.0958262817492987, 3,3, 3.931
1.1605732388608965, 1.0993109789297557, 3,3, 3.931
1.163932417651708, 1.1027726123755275, 3,3, 3.931
1.1672927958440467, 1.1062748037456644, 3,3, 3.947
1.1706023606829992, 1.1096836779947248, 3,3, 3.951
1.1738987877413334, 1.1130384141728271, 3,3, 3.967
1.177199870918378, 1.1163908227402903, 3,3, 3.984
1.1804743057064615, 1.1196791779552118, 3,3, 3.984
1.1837705774826055, 1.1229442449107343, 3,3, 4.004
1.1870296306362524, 1.1262790098723527, 3,3, 4.004
1.1903040173742274, 1.1296257257595428, 3,3, 4.022
1.1936163686128571, 1.1329440915383768, 3,3, 4.022
1.1969324464549966, 1.1362509988132299, 3,3, 4.042
1.2002353386361944, 1.1395607825470295, 3,3, 4.042
1.203510157066716, 1.142859744728091, 3,3, 4.06
1.206794429052887, 1.1461071472234161, 3,3, 4.061
1.2100839167186663, 1.149350477339687, 3,3, 4.079
1.2134114223612746, 1.1525834065852432, 3,3, 4.1
1.2167576236470279, 1.1558322986755443, 3,3, 4.1
1.2201004053841995, 1.1590790137624771, 3,3, 4.119
1.2234542140119002, 1.1623497549754418, 3,3, 4.119
1.2267993651530509, 1.165595562702885, 3,3, 4.1370000000000005
1.2301170271841173, 1.168874245320593, 3,3, 4.1370000000000005
1.233428101667817, 1.1721378510162719, 3,3, 4.156
1.236627917760255, 1.1751859222676306, 3,3, 4.156
1.239953874763521, 1.1780682665938538, 3,3, 4.176
1.2432505305155954, 1.181090949809908, 3,3, 4.176
1.2465401924232355, 1.1840979718337845, 3,3, 4.194
1.2498158837758648, 1.1871073001196977, 3,3, 4.194
1.2530693264384378, 1.1901425527577458, 3,3, 4.212
1.256328502011828, 1.1931638016236048, 3,3, 4.212
1.259618843104501, 1.1962049119652962, 3,3, 4.23
1.2629188184527005, 1.1992517754605783, 3,3, 4.231
1.2662219557187726, 1.2022728457573262, 3,3, 4.244
1.269513048701379, 1.2051639516008046, 3,3, 4.259
1.2727563945851608, 1.207960232686575, 3,3, 4.276
1.2760405535102266, 1.2107351692246318, 3,3, 4.276
1.2793310814103176, 1.2135440986716952, 3,3, 4.29
1.282608413861831, 1.216362291786885, 3,3, 4.291
1.285887303570157, 1.2191357813286867, 3,3, 4.305
1.2892047724810416, 1.22193049493227, 3,3, 4.322
1.2925327194540521, 1.2247216812913178, 3,3, 4.322
1.2958636917855129, 1.22750594159989, 3,3, 4.338
1.2991903826490605, 1.2302699883573163, 3,3, 4.341
1.3024743356842, 1.2329680842118063, 3,3, 4.357
1.3057443297703288, 1.235589694779636, 3,3, 4.375
1.3090106833852269, 1.2382211383554447, 3,3, 4.375
1.3122394674916777, 1.2409036290306878, 3,3, 4.392
1.3154885582399187, 1.2435476669676675, 3,3, 4.392
1.3187353101940018, 1.2461410438132767, 3,3, 4.408
1.321997458367633, 1.248729544417613, 3,3, 4.41
1.3252555167989661, 1.2513511523994831, 3,3, 4.427
1.3285222075049419, 1.2539947985239197, 3,3, 4.446
1.3318286687800076, 1.2566514583584303, 3,3, 4.446
1.3351647346215396, 1.2592271881264916, 3,3, 4.463
1.3384570998390979, 1.2617208619954172, 3,3, 4.463
1.3417123257307746, 1.2641172865045438, 3,3, 4.481
1.3448755884864703, 1.2664162625172013, 3,3, 4.482
1.3480064527463467, 1.2685665322750228, 3,3, 4.501
1.3511315210785566, 1.2707132714801506, 3,3, 4.501
1.3542597550025812, 1.2727868914499794, 3,3, 4.518
1.3574289492073253, 1.2748570494187765, 3,3, 4.52
1.360647780118934, 1.2769207601471388, 3,3, 4.537
1.363866552528294, 1.2789322854348777, 3,3, 4.555
1.3670621191340422, 1.2809740260355378, 3,3, 4.555
1.3701685904749377, 1.2826760644474922, 3,3, 4.573
1.3732683345046715, 1.2842303167462916, 3,3, 4.573
1.3763601343674283, 1.2857011153662439, 3,3, 4.589
1.379439780073584, 1.2871466408920071, 3,3, 4.59
1.3825343872215714, 1.2885533123709705, 3,3, 4.605
1.3856272915084298, 1.2899677081790968, 3,3, 4.624
1.3887297910426688, 1.2913164193519664, 3,3, 4.624
1.3918626789009587, 1.2925927550052203, 3,3, 4.642
1.3949838608170786, 1.2938596548981869, 3,3, 4.642
1.3981707477307979, 1.295415480688734, 3,3, 4.661
1.401283174143753, 1.2969809611881802, 3,3, 4.661
1.4043301345986, 1.2985740324675157, 3,3, 4.679
1.4073070913241374, 1.3001722493098304, 3,3, 4.68
1.4102324091608254, 1.3016688362265099, 3,3, 4.698
1.4130992655767332, 1.3028535881425545, 3,3, 4.714
1.4159840235549574, 1.3039483890673875, 3,3, 4.714
1.4188957610404476, 1.3050043704522287, 3,3, 4.732
1.4218404871465482, 1.306076540930875, 3,3, 4.732
1.424768155635448, 1.3070634953160383, 3,3, 4.75
1.4277947149944237, 1.3084006230790974, 3,3, 4.751
1.4309395263721258, 1.3098349723594358, 3,3, 4.767
1.4345334765559807, 1.3111711375008266, 3,3, 4.785
1.438480671121906, 1.3124602108325811, 3,3, 4.785
1.4424819893241194, 1.3135906385043714, 3,3, 4.805
1.4464772469008957, 1.3147097020526561, 3,3, 4.805
1.4505050248548852, 1.3157692475836442, 3,3, 4.823
1.4544880088940397, 1.3167324500497974, 3,3, 4.823
1.4584660099637978, 1.317713084127035, 3,3, 4.842
1.4624027795528904, 1.318653266524353, 3,3, 4.842
1.465904753720198, 1.3194773526020114, 3,3, 4.861
1.4693184279054112, 1.320507414183319, 3,3, 4.861
1.4731010565924858, 1.3214728379288063, 3,3, 4.879
1.4773027281081987, 1.3220986920392706, 3,3, 4.88
1.4815638044400736, 1.3225637129594057, 3,3, 4.897
1.4858608394128503, 1.3230011908419725, 3,3, 4.915
1.4901604958236698, 1.3233339023745179, 3,3, 4.915
1.494496134610433, 1.3237401576830998, 3,3, 4.936
1.498904476770073, 1.3241487092842856, 3,3, 4.936
1.5033659910696442, 1.324518342032134, 3,3, 4.957
1.5074079006148795, 1.3248150142773536, 3,3, 4.957
1.5112604409134758, 1.325644752943434, 3,3, 4.977
1.5151684581924822, 1.3265798978262964, 3,3, 4.977
1.5191634173826292, 1.327498436543999, 3,3, 4.993
1.5232753789951394, 1.3283729048711106, 3,3, 4.993
1.5274915554760105, 1.3292719811932892, 3,3, 5.013
1.5318167121830075, 1.3302574885659857, 3,3, 5.013
1.536223594176604, 1.3312321273896703, 3,3, 5.029
1.5407369082213582, 1.332162363233244, 3,3, 5.031
1.5453576763864427, 1.3331531909761407, 3,3, 5.047
1.5500233161592727, 1.334076527550421, 3,3, 5.066
1.5548106713940508, 1.335090947482283, 3,3, 5.067
1.559901650202071, 1.3359234974272298, 3,3, 5.085
1.5650961479640269, 1.3366209541379728, 3,3, 5.085
1.5702971545080335, 1.3371948032346048, 3,3, 5.102
1.5755182587265995, 1.3377771646848948, 3,3, 5.102
1.5807702714261365, 1.338292465440682, 3,3, 5.123
1.5860607244192182, 1.3388386975440638, 3,3, 5.123
1.5913724818255033, 1.3392915184800456, 3,3, 5.14
1.5966877680371534, 1.3396478812403343, 3,3, 5.14
1.6018414593319847, 1.3400926463507563, 3,3, 5.159
1.6070423689858038, 1.34080111998029, 3,3, 5.178
1.6122762772381425, 1.3413126072140145, 3,3, 5.178
1.617616504463456, 1.3419832027136733, 3,3, 5.197
1.6230701236642449, 1.3426256876543223, 3,3, 5.197
1.6286494974057406, 1.3432679996019625, 3,3, 5.212
1.6342955516425428, 1.3439417502963447, 3,3, 5.213
1.6400686717541413, 1.3445820149867704, 3,3, 5.231
1.6459436076201142, 1.3451996808654563, 3,3, 5.231
1.6519105416637891, 1.345746639818235, 3,3, 5.25
1.6580130236004822, 1.3463008867407422, 3,3, 5.25
1.664170751819809, 1.3466736425996875, 3,3, 5.269
1.6704162064218362, 1.347106455444079, 3,3, 5.291
1.6768425847523696, 1.3475719449632804, 3,3, 5.291
1.6834408934419494, 1.3479858635848252, 3,3, 5.291
1.6901297510025723, 1.3483402138421523, 3,3, 5.313
1.696938073052239, 1.3488377184371048, 3,3, 5.314
1.7038742719145312, 1.3492791579269905, 3,3, 5.321
1.7108971036285494, 1.3496490064246696, 3,3, 5.331
1.7179726402582631, 1.3500002458047682, 3,3, 5.349
1.7251567513847004, 1.350384358092489, 3,3, 5.369
1.732434378855778, 1.3507539261780777, 3,3, 5.369
1.7398228277561147, 1.3510935994520659, 3,3, 5.3870000000000005
1.7473917122278342, 1.351569725987613, 3,3, 5.3870000000000005
1.7550255408811384, 1.352112264032341, 3,3, 5.407
1.762723314604278, 1.3525000226215749, 3,3, 5.407
1.7704919839125948, 1.352996988545015, 3,3, 5.428
1.7782022163468008, 1.3533408940957254, 3,3, 5.428
1.7858598477633438, 1.3535690077029565, 3,3, 5.447
1.7935660364372623, 1.3538673618580206, 3,3, 5.447
1.8011913744895751, 1.354031845447072, 3,3, 5.464
1.8088645604134075, 1.3541505138486236, 3,3, 5.464
1.8165922541558188, 1.3542478453685065, 3,3, 5.483
1.824423322245085, 1.3543174550791828, 3,3, 5.483
1.8323775839676928, 1.3543954485112344, 3,3, 5.501
1.8404580373496775, 1.3544504644049096, 3,3, 5.501
1.8486499626653508, 1.3544807805574821, 3,3, 5.52
1.8570148998481466, 1.3544945037850953, 3,3, 5.52
1.8654952566161511, 1.3545399592430576, 3,3, 5.543
1.8741613154958434, 1.3545453442976894, 3,3, 5.543
1.8828604495251582, 1.3545472107970211, 3,3, 5.562
1.8916638728617698, 1.3545284253414753, 3,3, 5.562
1.9004658936876884, 1.3544972256440464, 3,3, 5.58
1.9093629756846942, 1.3544486416723778, 3,3, 5.5809999999999995
1.9183452571605577, 1.3544102733683496, 3,3, 5.5969999999999995
1.9274885169413707, 1.3543305726810775, 3,3, 5.616
1.9368002876784272, 1.3542076854259515, 3,3, 5.616
1.9461763091285158, 1.3541426317593477, 3,3, 5.636
1.9557913111485266, 1.3540258226543382, 3,3, 5.636
1.9654768130748141, 1.3539667922311598, 3,3, 5.655
1.9751580965842699, 1.3539452591804668, 3,3, 5.655
1.984895725738042, 1.3539535436520584, 3,3, 5.673
1.9945953431086687, 1.3539853301959965, 3,3, 5.673
2.0042307592201065, 1.3540915380024132, 3,3, 5.692
2.013812432611995, 1.3543261198112346, 3,3, 5.692
2.023370924114646, 1.3546231317413147, 3,3, 5.712
2.032828081780326, 1.3548448552812253, 3,3, 5.712
2.042353274213155, 1.355143831867455, 3,3, 5.735
2.0522158171686806, 1.3561352590732516, 3,3, 5.735
2.0625373075224687, 1.3579503192285045, 3,3, 5.753
2.0726490558160036, 1.3597619169766106, 3,3, 5.753
2.0826029638426626, 1.3606480381582091, 3,3, 5.767
2.0924600842368313, 1.3615779169285749, 3,3, 5.771
2.102733572416243, 1.3637421576535456, 3,3, 5.787
2.1135003497478126, 1.3670635911583178, 3,3, 5.805
2.1247363128097385, 1.3713041563715822, 3,3, 5.805
2.136086963217919, 1.3761012044306151, 3,3, 5.821
2.1473616894029703, 1.3815213943681561, 3,3, 5.821
2.1584043944477185, 1.3874577092126215, 3,3, 5.84
2.168995708756087, 1.3936598172402221, 3,3, 5.841
2.1791593133001017, 1.3984374682977205, 3,3, 5.859
2.188849168502887, 1.402357018367046, 3,3, 5.876
2.1984436414666138, 1.4062891497369414, 3,3, 5.876
2.2079536033631135, 1.409988099898802, 3,3, 5.895
2.2175246259223886, 1.413937557548422, 3,3, 5.895
2.2271884585269976, 1.4180984400218468, 3,3, 5.913
2.23688400303919, 1.4220154348483434, 3,3, 5.913
2.2466800696542895, 1.4261563458464313, 3,3, 5.932
2.256552084498956, 1.4304703389366753, 3,3, 5.932
2.2664882163500857, 1.4346780079344696, 3,3, 5.95
2.276413145222086, 1.4390106078987697, 3,3, 5.951
2.286452610995714, 1.4438835408788835, 3,3, 5.971
2.2966959318700995, 1.4490185278521988, 3,3, 5.971
2.306979193515653, 1.454169443979109, 3,3, 5.991
2.3172946644109764, 1.459472960612664, 3,3, 5.991
2.3276315821367826, 1.464737831784289, 3,3, 6.009
2.3379887694361843, 1.4701977866080023, 3,3, 6.011
2.348351380382835, 1.4753928228290527, 3,3, 6.032
2.35881671900254, 1.4807908976199347, 3,3, 6.033
2.3693558564418113, 1.4866426836240116, 3,3, 6.053
2.3799107365207597, 1.492466732864575, 3,3, 6.053
2.3903503467119904, 1.4981128629884524, 3,3, 6.071
2.4006292167432157, 1.503809948556685, 3,3, 6.071
2.4107134627257927, 1.5097254284373725, 3,3, 6.09
2.4207273170877706, 1.5155171596115293, 3,3, 6.091
2.4306552814682294, 1.5215905481786605, 3,3, 6.106
2.4404666087633937, 1.527564979947375, 3,3, 6.124
2.4501382338957534, 1.533541556075017, 3,3, 6.124
2.459644578751978, 1.5395882890365162, 3,3, 6.142
2.4689283584498374, 1.5457125302969237, 3,3, 6.142
2.4780534693911456, 1.5516984779881104, 3,3, 6.161
2.48703779809911, 1.5575488569962876, 3,3, 6.161
2.4959384488312257, 1.5633922975144592, 3,3, 6.179
2.5047839580816817, 1.5694229089935101, 3,3, 6.18
2.5135439275865887, 1.5754239474660299, 3,3, 6.197
2.522133111329061, 1.5814595381738612, 3,3, 6.215
2.530529386996338, 1.5875406104200087, 3,3, 6.215
2.5387753842899374, 1.5936038711023492, 3,3, 6.232
2.5468312510055755, 1.5995791679314584, 3,3, 6.232
2.554739847912811, 1.6055755504622176, 3,3, 6.249
2.5625495405491283, 1.611607155258341, 3,3, 6.25
2.5702600180559916, 1.6176410941945636, 3,3, 6.274
2.577907015851692, 1.6237239187179549, 3,3, 6.274
2.5853792337062393, 1.6298154627768138, 3,3, 6.296
2.592720623513232, 1.635853449852255, 3,3, 6.296
2.5999922808802323, 1.6418256283302446, 3,3, 6.314
2.6070688418006673, 1.647849213278367, 3,3, 6.314
2.613942370174866, 1.653797560064684, 3,3, 6.332
2.620677399462365, 1.6596665837090476, 3,3, 6.332
2.627256150684324, 1.6654226787471411, 3,3, 6.352
2.6337021821450004, 1.671358846529209, 3,3, 6.352
2.6401082661656816, 1.6773316393347752, 3,3, 6.37
2.646374088531698, 1.6832020080527552, 3,3, 6.371
2.652563159829886, 1.6891144383341794, 3,3, 6.39
2.6586509214023555, 1.695031395518913, 3,3, 6.409
2.664539104848724, 1.7009203313631662, 3,3, 6.409
2.670225400972151, 1.706757900521185, 3,3, 6.429
2.675748276301299, 1.7125802561409018, 3,3, 6.429
2.6811725743074413, 1.718345029684484, 3,3, 6.446
2.6864765868958727, 1.724060405687339, 3,3, 6.446
2.691627045814052, 1.729722151873159, 3,3, 6.465
2.6966805759060986, 1.7353597744773357, 3,3, 6.465
2.7016115064074215, 1.74098836716196, 3,3, 6.484
2.7063872899523087, 1.7466537227981922, 3,3, 6.484
2.711054655683536, 1.752275397675399, 3,3, 6.502
2.7156441887740774, 1.7579417588954487, 3,3, 6.502
2.720062527780282, 1.763540562673645, 3,3, 6.521
2.7242667618134964, 1.7690445309575809, 3,3, 6.521
2.7283535015219043, 1.7744662911459244, 3,3, 6.539
2.7323206130780155, 1.7798340218569646, 3,3, 6.54
2.7361730039256136, 1.7851744855126115, 3,3, 6.559
2.7399404861080856, 1.7904675939871004, 3,3, 6.577
2.743569199871625, 1.7956665512219163, 3,3, 6.577
2.747152181211607, 1.8008485866097415, 3,3, 6.5969999999999995
2.7505725648097172, 1.8060921374289567, 3,3, 6.5969999999999995
2.7538579840682145, 1.8112974172738112, 3,3, 6.614
2.7570173395475805, 1.8164045897850158, 3,3, 6.614
2.7601396390712756, 1.8215226037460894, 3,3, 6.632
2.7631394084396974, 1.826587949665889, 3,3, 6.632
2.7660120917651976, 1.8315345338193825, 3,3, 6.649
2.7687426318623896, 1.8363991998968912, 3,3, 6.65
2.7703130979642228, 1.8410760227241922, 3,3, 6.6690000000000005
2.7710088195033418, 1.8456732409143168, 3,3, 6.686
2.7714843461147685, 1.8503531546808352, 3,3, 6.687
2.771772549182155, 1.855043404266997, 3,3, 6.704
2.7719555185738014, 1.859734265181454, 3,3, 6.704
2.7719785393687797, 1.8644271490310893, 3,3, 6.724
2.771956071964436, 1.8690886555269313, 3,3, 6.724
2.7718830680931315, 1.8737519154630229, 3,3, 6.742
2.771846186499084, 1.8783386125023172, 3,3, 6.742
2.7723384942394427, 1.8831355605068156, 3,3, 6.76
2.773602279343422, 1.8882111327276043, 3,3, 6.76
2.7751344851426687, 1.8934044011278588, 3,3, 6.7780000000000005
2.776218800282632, 1.8985212295208524, 3,3, 6.797
2.7764466045322598, 1.903485888189348, 3,3, 6.797
2.7768056889085573, 1.9084754219772837, 3,3, 6.816
2.777074552548279, 1.9135077391390583, 3,3, 6.816
2.7772284069254516, 1.9185058826157178, 3,3, 6.833
2.7773709162907414, 1.9234813349901174, 3,3, 6.833
2.7774695879397653, 1.928421150214481, 3,3, 6.851
2.7779722213466913, 1.933482657437248, 3,3, 6.851
2.778812527981114, 1.938619858424761, 3,3, 6.869
2.779504462294785, 1.9436603669179149, 3,3, 6.871
2.7801283596158783, 1.9485784476972723, 3,3, 6.8870000000000005
2.7806843714101888, 1.9534310523352285, 3,3, 6.905
2.781165247276879, 1.9582763136744825, 3,3, 6.905
2.781720173578997, 1.9631733301879202, 3,3, 6.926
2.7821800320312975, 1.9680969368924348, 3,3, 6.926
2.782575936409782, 1.973020508522084, 3,3, 6.946
2.782930515733409, 1.9779417820738543, 3,3, 6.946
2.7833951460172934, 1.9829035607497296, 3,3, 6.964
2.7841034579646835, 1.9879119586635676, 3,3, 6.964
2.7848282496229553, 1.9928061180634924, 3,3, 6.985
2.785637243261313, 1.9976942957694515, 3,3, 6.985
2.7863905738952846, 2.002552583646201, 3,3, 7.001
2.787105664383143, 2.0073954001070904, 3,3, 7.001
2.7878561201767247, 2.0122318987587104, 3,3, 7.019
2.788647960084539, 2.0170828814085753, 3,3, 7.038
2.789366914934701, 2.0219145404369767, 3,3, 7.038
2.7900967188410157, 2.026737745293519, 3,3, 7.057
2.7908233313564845, 2.0316070076853707, 3,3, 7.057
2.791643529692299, 2.036429057475739, 3,3, 7.075
2.7925314111369315, 2.0412607199390274, 3,3, 7.075
2.793374720758573, 2.0460923523644765, 3,3, 7.094
2.7941034834475174, 2.0508985633996595, 3,3, 7.094
2.794997788892322, 2.0557585040550936, 3,3, 7.113
2.7959227284474437, 2.06064204063402, 3,3, 7.113
2.7968034770098122, 2.0655231488222014, 3,3, 7.131
2.797753145151167, 2.0704137314968176, 3,3, 7.131
2.798660482778239, 2.075291797290192, 3,3, 7.151
2.7995509316786227, 2.0801386579149184, 3,3, 7.151
2.80040867940412, 2.0849527456051526, 3,3, 7.169
2.8011960714127695, 2.089763658037425, 3,3, 7.171
2.8020345328285416, 2.0945701225685296, 3,3, 7.189
2.802852615781705, 2.0993511067494186, 3,3, 7.209
2.8037145421397707, 2.1041474509934766, 3,3, 7.209
2.8046670181147806, 2.108939585064188, 3,3, 7.225
2.8055890172494653, 2.1137210001000386, 3,3, 7.225
2.8063677739549653, 2.1184748722823663, 3,3, 7.242
2.80724792300117, 2.1232330157834642, 3,3, 7.242
2.8081979594839073, 2.1280208456356178, 3,3, 7.261
2.8091730342322223, 2.132834372907848, 3,3, 7.261
2.8101265013164314, 2.1376650215903745, 3,3, 7.28
2.8110604318258026, 2.14251059571612, 3,3, 7.281
2.812005565114807, 2.1473654864151386, 3,3, 7.298
2.8128549830632785, 2.1521992630711018, 3,3, 7.316
2.813516438681962, 2.1569863924811905, 3,3, 7.316
2.8145133809010225, 2.1618693314983286, 3,3, 7.336
2.815478244558841, 2.1667402346942493, 3,3, 7.336
2.816423651736231, 2.171603791383675, 3,3, 7.354
2.817328842037612, 2.176438334140026, 3,3, 7.354
2.818271743424576, 2.1812786007121536, 3,3, 7.372
2.81919146744539, 2.186092046839903, 3,3, 7.372
2.8201074656432352, 2.1908814746423655, 3,3, 7.392
2.821040347959882, 2.19567747235221, 3,3, 7.392
2.8219488084961926, 2.200452896210977, 3,3, 7.411
2.822836092842881, 2.2052148885659655, 3,3, 7.411
2.823844002398983, 2.210015490015911, 3,3, 7.429
2.8248585297679845, 2.214821447542334, 3,3, 7.43
2.825728552084771, 2.219598015865346, 3,3, 7.447
2.8267232873721193, 2.224406804541078, 3,3, 7.467
2.827624953724548, 2.229226758703039, 3,3, 7.467
2.8285237463271566, 2.2340529023427544, 3,3, 7.486
2.829528886760837, 2.2389153740953502, 3,3, 7.486
2.8305210766084956, 2.2437757153596, 3,3, 7.501
2.8314412467889656, 2.24863719925251, 3,3, 7.501
2.8323969906638933, 2.25347120389906, 3,3, 7.519
2.833370015849947, 2.258304040973919, 3,3, 7.521
2.834334229819092, 2.2631396796544134, 3,3, 7.538
2.8352901681012717, 2.2679713919193354, 3,3, 7.555
2.836195317413956, 2.272794144437099, 3,3, 7.555
2.837111773904425, 2.2776003402242804, 3,3, 7.573
2.8379500299073306, 2.282375427626575, 3,3, 7.573
2.838772199002476, 2.287153630093882, 3,3, 7.59
2.8396707190936765, 2.2919420201734804, 3,3, 7.591
2.8405311847099, 2.296712221316292, 3,3, 7.611
2.841476062524813, 2.301520190961445, 3,3, 7.611
2.842456598986322, 2.306337086083617, 3,3, 7.63
2.8434165543615246, 2.3111682515379237, 3,3, 7.63
2.8443349173461283, 2.315995944485985, 3,3, 7.649
2.8453008417586694, 2.3208196714259564, 3,3, 7.668
2.8461764762493678, 2.32563883061797, 3,3, 7.668
2.847131166311162, 2.330490619052104, 3,3, 7.686
2.84811730179714, 2.335346747158233, 3,3, 7.686
2.8490635056698, 2.3401990509054036, 3,3, 7.7059999999999995
2.8499351168464893, 2.3450397016726976, 3,3, 7.7059999999999995
2.8509397735868025, 2.3498896609199686, 3,3, 7.725
2.851922711482579, 2.3547420973218474, 3,3, 7.725
2.8528517780290015, 2.3595582486270357, 3,3, 7.744
2.853789153356149, 2.3643663631876453, 3,3, 7.744
2.8547514440716797, 2.369187983010077, 3,3, 7.764
2.8555997709768794, 2.3739690946710685, 3,3, 7.764
2.85654735125787, 2.37874995877553, 3,3, 7.784
2.8574818729571128, 2.3835302338412037, 3,3, 7.784
2.858435369842729, 2.3883187647050663, 3,3, 7.8
2.859404505393156, 2.393101843334055, 3,3, 7.801
2.860391410709361, 2.3978969513483728, 3,3, 7.819
2.8613066316396205, 2.402684007252054, 3,3, 7.836
2.8622802360839064, 2.4074855213537387, 3,3, 7.836
2.863165954997558, 2.412275594607697, 3,3, 7.852
2.864089761327914, 2.4170842306044196, 3,3, 7.852
2.8649618153495537, 2.421881985691351, 3,3, 7.871
2.8659231848372424, 2.4267066365994108, 3,3, 7.871
2.866975527897754, 2.431573642307287, 3,3, 7.892
2.867975907854786, 2.4364371585842535, 3,3, 7.892
2.86896844856535, 2.441274482662937, 3,3, 7.909
2.8699882622766997, 2.4461037249588906, 3,3, 7.911
2.8709095184578204, 2.450882238788526, 3,3, 7.93
2.8718466368227706, 2.455677622649259, 3,3, 7.948
2.8727173332447817, 2.4604456847769858, 3,3, 7.948
2.8735925830386857, 2.465228616791087, 3,3, 7.968
2.8745150686232583, 2.4700076794215424, 3,3, 7.968
2.875473547712685, 2.47478366696259, 3,3, 7.986
2.876406740722995, 2.479558300259379, 3,3, 7.986
2.8774269988769805, 2.4843573398414156, 3,3, 8.003
2.8783841797162557, 2.489160509012445, 3,3, 8.003
2.879411342920539, 2.4939727623560213, 3,3, 8.023
2.8802724978166507, 2.49873452786915, 3,3, 8.023
2.8812059004945008, 2.503532648553739, 3,3, 8.04
2.882150388066062, 2.5083505090706906, 3,3, 8.041
2.8831365110589426, 2.5131505750560863, 3,3, 8.058
2.884159325193431, 2.517971090836988, 3,3, 8.077
2.8851995877963024, 2.522818323626304, 3,3, 8.077
2.886212344646571, 2.5276434259191407, 3,3, 8.097
2.887213958432271, 2.532453960445632, 3,3, 8.097
2.888264532579558, 2.537264957819493, 3,3, 8.116
2.88930979067877, 2.542067647970582, 3,3, 8.116
2.8903386164238425, 2.5468687383998834, 3,3, 8.135
2.8913306601228332, 2.551664584717455, 3,3, 8.135
2.8923694109909786, 2.5564566652226817, 3,3, 8.155
2.893310834876813, 2.5612449024348933, 3,3, 8.155
2.894132941211172, 2.5659393593365074, 3,3, 8.174
2.8949547915281504, 2.5704380745164475, 3,3, 8.174
2.895941353693289, 2.5749509121790646, 3,3, 8.192
2.8969059677265103, 2.579477270239571, 3,3, 8.192
2.8978462381259686, 2.5839999002196183, 3,3, 8.21
2.8987239408693632, 2.5884980447657915, 3,3, 8.21
2.899597564667545, 2.592983536375532, 3,3, 8.227
2.9004561318515725, 2.5974976968851875, 3,3, 8.246
2.9012758716290703, 2.6019714111842975, 3,3, 8.246
2.9020734151396965, 2.6065054436100574, 3,3, 8.264
2.902925411197256, 2.6110594804928824, 3,3, 8.264
2.9036627665213515, 2.6154809282188944, 3,3, 8.284
2.9043889118699684, 2.619824582090352, 3,3, 8.284
2.905077884883078, 2.624041743416626, 3,3, 8.303
2.9057937152774334, 2.628083301844595, 3,3, 8.303
2.906598204406834, 2.632111409029021, 3,3, 8.32
2.907377162351133, 2.636117505204742, 3,3, 8.321
2.9081615508742593, 2.6401328964115685, 3,3, 8.337
2.9089620374542675, 2.6441306327369007, 3,3, 8.355
2.90968146113742, 2.648128854636729, 3,3, 8.355
2.910278679098837, 2.652083732369948, 3,3, 8.374
2.910835045227764, 2.6559234040756015, 3,3, 8.374
2.9114482588252315, 2.659626846356886, 3,3, 8.394
2.9121228396188354, 2.6631864455149072, 3,3, 8.394
2.912923564457557, 2.666775788735658, 3,3, 8.414
2.913600141025921, 2.67033351675991, 3,3, 8.414
2.914354083696805, 2.6739372978196343, 3,3, 8.431
2.9151029542930034, 2.6775390965198094, 3,3, 8.431
2.9157920573637903, 2.6811057952534334, 3,3, 8.45
2.9163875773608585, 2.6846811177924548, 3,3, 8.451
2.9168682559838404, 2.6883029750488467, 3,3, 8.468
2.917190512185957, 2.6918013013567603, 3,3, 8.488
2.917603488239017, 2.6952207383025697, 3,3, 8.488
2.917944987745803, 2.6984660328258543, 3,3, 8.506
2.9185852685045686, 2.701665661328157, 3,3, 8.506
2.9192661679934693, 2.7048649294410416, 3,3, 8.526
2.9199088363551784, 2.7080493967189305, 3,3, 8.526
2.9204985566619346, 2.7111936559277563, 3,3, 8.542
2.921158838088451, 2.714366966957017, 3,3, 8.542
2.921760179597379, 2.7176124279598626, 3,3, 8.56
2.9222765964559807, 2.72085956780412, 3,3, 8.56
2.9226964117443166, 2.723999505646853, 3,3, 8.579
2.9231768794100907, 2.726998596254232, 3,3, 8.597
2.9237967484904064, 2.7298735355131116, 3,3, 8.598
2.9243984900033824, 2.7327109885823133, 3,3, 8.617
2.9250781579517393, 2.7355643471485114, 3,3, 8.617
2.9256666037615613, 2.738391432523493, 3,3, 8.637
2.926356631435071, 2.741242986411119, 3,3, 8.637
2.926993159410468, 2.7440706233758974, 3,3, 8.656
2.9275656569566335, 2.7469889248387225, 3,3, 8.656
2.9279891664957014, 2.7498768769789974, 3,3, 8.673
2.9285311837249917, 2.7525612559315973, 3,3, 8.674
2.929175663411838, 2.7551633654160743, 3,3, 8.693
2.929778567275495, 2.757769400093892, 3,3, 8.693999999999999
2.9303347990674107, 2.760352356366145, 3,3, 8.711
2.930855121290802, 2.7629290244009486, 3,3, 8.711
2.931383962583292, 2.7654904810799916, 3,3, 8.729
2.9319830195028, 2.7680675039438127, 3,3, 8.731
2.9325613298998414, 2.7706531371418666, 3,3, 8.749
2.9330224024626705, 2.7733502545547175, 3,3, 8.767
2.9332885145598744, 2.7759884485049677, 3,3, 8.767
2.9336261655117624, 2.7785466824368474, 3,3, 8.786
2.933921165845916, 2.7809327456916315, 3,3, 8.786
2.934393902537831, 2.783203166935152, 3,3, 8.802
2.9349382138575986, 2.7854977904615326, 3,3, 8.803
2.935434806098056, 2.7877886282306785, 3,3, 8.821
2.935953080318104, 2.790077283078717, 3,3, 8.821
2.9364392789031273, 2.7923536154474955, 3,3, 8.84
2.9370450537056865, 2.794632286037535, 3,3, 8.84
2.9375384642581794, 2.797038181380495, 3,3, 8.858
2.9379156687562826, 2.7993925058478455, 3,3, 8.879
2.9383151340991382, 2.8015385452444193, 3,3, 8.879
2.9388935534131297, 2.8035958870142332, 3,3, 8.897
2.939499604231805, 2.805647277581331, 3,3, 8.897
2.94005497676616, 2.807691789793292, 3,3, 8.917
2.9406507904459964, 2.809752978812013, 3,3, 8.917
2.9412111812889647, 2.8118087213346836, 3,3, 8.936
2.941741031585564, 2.8138476389241642, 3,3, 8.936
2.9423711526680427, 2.8158936134069332, 3,3, 8.952
2.942849978269613, 2.8180442500979077, 3,3, 8.952
2.9432334362431627, 2.820193450650008, 3,3, 8.972
2.9436473166036095, 2.822105002197685, 3,3, 8.972
2.9441292604063616, 2.8239515817817695, 3,3, 8.989
2.9446373479935892, 2.8257986830387134, 3,3, 8.99
2.945152997689805, 2.8276431096444763, 3,3, 9.01
2.945692090898425, 2.8294987830646265, 3,3, 9.028
2.9462193751000827, 2.831339127896393, 3,3, 9.028
2.9467338171991297, 2.8331859089017724, 3,3, 9.048
2.947285236019355, 2.835037893778068, 3,3, 9.048
2.947752642258571, 2.836999321712568, 3,3, 9.065
2.9481259884770235, 2.8389416064575683, 3,3, 9.065
2.9485023560137784, 2.840636536818536, 3,3, 9.085
2.948967106061326, 2.8422897189434035, 3,3, 9.085
2.9494522474426925, 2.8439590982570326, 3,3, 9.103
2.9499358409963756, 2.845625419093753, 3,3, 9.103
2.950440163173203, 2.8472877269671164, 3,3, 9.121
2.950878750261558, 2.848952627806279, 3,3, 9.121
2.951314630694124, 2.850613205146485, 3,3, 9.141
2.9516978244556387, 2.85224986882913, 3,3, 9.141
2.9520214239707916, 2.8539881530004223, 3,3, 9.159
2.952292120868655, 2.855694708458162, 3,3, 9.161
2.9525846187973697, 2.8572041513411657, 3,3, 9.179
2.952937005970382, 2.85866933901296, 3,3, 9.197
2.953295954578053, 2.8601471839658794, 3,3, 9.198
2.953638385613115, 2.8616275198606433, 3,3, 9.216
2.954000882904124, 2.863114645234767, 3,3, 9.216
2.954390774065894, 2.8645977271309406, 3,3, 9.236
2.9547461741122616, 2.866076348604911, 3,3, 9.236
2.95507666704058, 2.8675555094382688, 3,3, 9.254
2.9554264486564352, 2.868937080003353, 3,3, 9.254
2.9557569705949094, 2.8702791687191467, 3,3, 9.27
2.956092764888613, 2.871626048556373, 3,3, 9.271
2.956468749023211, 2.87297520256312, 3,3, 9.287
2.9568288393254845, 2.874318492694739, 3,3, 9.305
2.9571932568163874, 2.8756633489759733, 3,3, 9.305
2.9575496951612195, 2.8770106668699476, 3,3, 9.323
2.957868853613353, 2.8783430057867605, 3,3, 9.323
2.958262060869892, 2.879691534679848, 3,3, 9.341
2.9586763108535172, 2.881045351267373, 3,3, 9.341
2.9590679661511627, 2.882594624213801, 3,3, 9.36
2.9593650355303205, 2.8841088314719414, 3,3, 9.36
2.9596055225639093, 2.885493686529664, 3,3, 9.378
2.9599341279508438, 2.886678468216704, 3,3, 9.395
2.9603116431731067, 2.887863809331067, 3,3, 9.395
2.960693523539827, 2.8890537314215585, 3,3, 9.413
2.961086843476826, 2.8902396942736317, 3,3, 9.413
2.961471720534138, 2.8914249249146864, 3,3, 9.431
2.961848980782556, 2.8926035788479636, 3,3, 9.431
2.9622405602032176, 2.8937825800253547, 3,3, 9.449
2.9625572051211075, 2.8950283319661536, 3,3, 9.451
2.9628092731184412, 2.896134607697662, 3,3, 9.469
2.9631377514916415, 2.8971712665812315, 3,3, 9.487
2.963482914246028, 2.8982075320725413, 3,3, 9.487
2.9638066569643504, 2.8992427410487625, 3,3, 9.505
2.964159983047545, 2.900282423981479, 3,3, 9.505
2.9644882468283127, 2.9013219910145978, 3,3, 9.523
2.9648394810089824, 2.9023626018227637, 3,3, 9.523
2.9651835326323264, 2.903399562359832, 3,3, 9.541
2.9655354026031224, 2.9044303540034497, 3,3, 9.541
2.965827921301082, 2.905397599216296, 3,3, 9.557
2.9661481004226196, 2.9063416920079996, 3,3, 9.561
2.966462155264473, 2.9072864315259452, 3,3, 9.578
2.9667717633490405, 2.908227546639795, 3,3, 9.596
2.967091711788886, 2.9091679749233283, 3,3, 9.596
2.9674060223248295, 2.9101057205746113, 3,3, 9.613
2.9677110275400076, 2.9110460255312107, 3,3, 9.613
2.968010646043306, 2.9119894602105254, 3,3, 9.633
2.9683156986259687, 2.912924756793562, 3,3, 9.633
2.9686517051087993, 2.9138715483764352, 3,3, 9.652
2.9689180586741157, 2.914743746754556, 3,3, 9.652
2.9692034306505706, 2.9155979539235304, 3,3, 9.668
2.9694931468544215, 2.9164561538558678, 3,3, 9.67
2.9697833965306155, 2.917317813563846, 3,3, 9.69
2.970076583318624, 2.918178316479419, 3,3, 9.708
2.97036709768774, 2.919041702039308, 3,3, 9.709
2.9706642534800167, 2.919894829881738, 3,3, 9.724
2.9709579000816086, 2.9207490014233612, 3,3, 9.724
2.9712378515785725, 2.9216023840661687, 3,3, 9.744
2.971552996264351, 2.922457700171784, 3,3, 9.744
2.971773332852584, 2.9232463581318187, 3,3, 9.762
2.9720183612426836, 2.924011105598187, 3,3, 9.762
2.9722878028280353, 2.924775807711191, 3,3, 9.78
2.9725644360255505, 2.92554501480891, 3,3, 9.78
2.9728348023916724, 2.9263100867528706, 3,3, 9.801
2.973099739377997, 2.927084119342172, 3,3, 9.801
2.973358542053011, 2.9278608803091775, 3,3, 9.82
2.973634805524735, 2.9286432675231184, 3,3, 9.82
2.973901510728222, 2.929421913477852, 3,3, 9.838
2.97417800622748, 2.930201622627035, 3,3, 9.859
2.9744242931508427, 2.9309130244487824, 3,3, 9.859
2.974675679576439, 2.9316158888325106, 3,3, 9.879
2.974925591641191, 2.932316507894191, 3,3, 9.879
2.975172685936709, 2.9330237106596044, 3,3, 9.896
2.9754237407548443, 2.933726237122838, 3,3, 9.896
2.9756527685809133, 2.9344244610812744, 3,3, 9.914
2.9758377755287744, 2.935120282850451, 3,3, 9.914
2.976081535917737, 2.935811992302869, 3,3, 9.932
2.976242532349764, 2.936497462419504, 3,3, 9.932
2.976419078080918, 2.9371906453406256, 3,3, 9.952
2.9765610184624958, 2.9378230075329785, 3,3, 9.952
2.9767367804680047, 2.938438141162575, 3,3, 9.971
2.9768941413502095, 2.9390509914876075, 3,3, 9.971
2.9770505921785837, 2.9396647648312717, 3,3, 9.988
2.977243347465528, 2.9402907109020746, 3,3, 9.991
2.9773803160974333, 2.9409079359773793, 3,3, 10.009
2.97752467069611, 2.941527062044076, 3,3, 10.029
2.9776584822724512, 2.9421373543591502, 3,3, 10.029
2.9777740223195632, 2.9427426233770917, 3,3, 10.048
2.977906558021138, 2.943345740563784, 3,3, 10.049
2.978046195476073, 2.943916726322919, 3,3, 10.067
2.978197082397707, 2.9444760618472046, 3,3, 10.067
2.978344854514499, 2.9450322021052697, 3,3, 10.084
2.978484736981567, 2.9455899288740057, 3,3, 10.084
2.9786337313278817, 2.9461477753029417, 3,3, 10.102
2.978764113082597, 2.9467042135587715, 3,3, 10.102
2.9788735321226154, 2.9472541980939226, 3,3, 10.12
2.978980947858593, 2.947807876271464, 3,3, 10.121
2.979123435757539, 2.94836568218624, 3,3, 10.137
2.9792470990213404, 2.948927424132969, 3,3, 10.156
2.979322504016346, 2.9494336680057147, 3,3, 10.156
2.979440098972777, 2.949933440618944, 3,3, 10.176
2.9795546181105426, 2.9504331883296726, 3,3, 10.176
2.9796881771275765, 2.950934277779959, 3,3, 10.194
2.979838826853693, 2.951441204822156, 3,3, 10.194
2.9799741033078733, 2.9519433836845965, 3,3, 10.213
2.980106374587263, 2.9524444438907405, 3,3, 10.213
2.9802375552104374, 2.9529456941092964, 3,3, 10.23
2.9803461362392447, 2.953444458802105, 3,3, 10.23
2.98043920576659, 2.9539359147944793, 3,3, 10.249
2.9805131380569865, 2.9543842640720017, 3,3, 10.266
2.9805975384734937, 2.9548272935705806, 3,3, 10.266
2.980673690184304, 2.9552578003477423, 3,3, 10.286
2.980800638599799, 2.955708265734839, 3,3, 10.286
2.9808997372554473, 2.956156248882448, 3,3, 10.304
2.980981520432071, 2.956591977136142, 3,3, 10.304
2.981098325837421, 2.9570354350999644, 3,3, 10.322
2.9812278721813916, 2.9574842878805154, 3,3, 10.322
2.981342761325481, 2.9579303681802336, 3,3, 10.34
2.981443363996407, 2.958375925018988, 3,3, 10.341
2.9815214215442984, 2.958793115423648, 3,3, 10.36
2.9816259268663425, 2.9592051132668686, 3,3, 10.38
2.9817156749443607, 2.9596065133490934, 3,3, 10.38
2.981788015772211, 2.959998312624977, 3,3, 10.4
2.9818633528210454, 2.960388518065382, 3,3, 10.4
2.981953843955477, 2.9607846139867187, 3,3, 10.418
2.9820054769887685, 2.961172663907193, 3,3, 10.418
2.9820762322199257, 2.9615691370360397, 3,3, 10.437
2.982149415070563, 2.96196957408779, 3,3, 10.437
2.9822401082722814, 2.962375054885517, 3,3, 10.455
2.982334965390042, 2.962748879060723, 3,3, 10.455
2.98243199191565, 2.9631173324827924, 3,3, 10.474
2.982525105610873, 2.963485712548136, 3,3, 10.474
2.982596548511415, 2.96385510113, 3,3, 10.494
2.9826895674616787, 2.9642262171871776, 3,3, 10.494
2.9827481582090978, 2.9645980747319998, 3,3, 10.507
2.98279978889203, 2.964970428716863, 3,3, 10.51
2.9828905350464314, 2.9653462745950843, 3,3, 10.527
2.9829840471419127, 2.9657127820438385, 3,3, 10.544
2.9830870011237245, 2.966085631741725, 3,3, 10.544
2.983167317474034, 2.966411918684381, 3,3, 10.561
2.983291673320757, 2.9667380034513253, 3,3, 10.561
2.9833894711876865, 2.9670678148683023, 3,3, 10.581
2.983449995263029, 2.9673956900991714, 3,3, 10.581
2.9835452367048942, 2.9677250928363734, 3,3, 10.6
2.9836272289045818, 2.9680524424634607, 3,3, 10.600999999999999
2.983753133230388, 2.968381740862956, 3,3, 10.617
2.9839129508788775, 2.9687135493272723, 3,3, 10.635
2.98406482548527, 2.9690493060851524, 3,3, 10.635
2.9842164516380727, 2.969382576559146, 3,3, 10.652
2.984359939297302, 2.969691134674498, 3,3, 10.653
2.9845036142800936, 2.969997608997783, 3,3, 10.672
2.984647743422962, 2.970304299845842, 3,3, 10.672
2.9847915635604667, 2.9706088124351417, 3,3, 10.691
2.984934441184652, 2.970914476827833, 3,3, 10.691
2.9850801672946257, 2.971219086632711, 3,3, 10.71
2.9852218467772063, 2.9715256752212555, 3,3, 10.71
2.9853678067046654, 2.9718305613921476, 3,3, 10.729
2.98552255097654, 2.9721383541859456, 3,3, 10.747
2.9856623353086063, 2.972443764577639, 3,3, 10.748
2.9857868561877345, 2.972717377430673, 3,3, 10.765
2.9859159444417873, 2.972988697343626, 3,3, 10.765
2.9860447022959122, 2.97326031516769, 3,3, 10.785
2.986171422628874, 2.9735326407545175, 3,3, 10.785
2.986300201768689, 2.973805084329239, 3,3, 10.803
2.9864286504671047, 2.9740768697552697, 3,3, 10.803
2.986553078738877, 2.974348750871453, 3,3, 10.822
2.9866841614945554, 2.974618833393248, 3,3, 10.822
2.9868109638452265, 2.974889582401639, 3,3, 10.838
2.986941255168667, 2.9751588500445716, 3,3, 10.84
2.9870632681659495, 2.9753983553375725, 3,3, 10.858
2.9871534163090616, 2.975634332067365, 3,3, 10.876
2.987275813734658, 2.9758717354985786, 3,3, 10.876
2.9873756920377805, 2.9761098688848295, 3,3, 10.893
2.987468090907998, 2.9763441489559423, 3,3, 10.893
2.9875731625774242, 2.976573221560012, 3,3, 10.911
2.9876749389587838, 2.9767912309484683, 3,3, 10.911
2.9877908675435076, 2.977008959985892, 3,3, 10.929
2.9878950346260096, 2.977234263226993, 3,3, 10.93
2.9880117173886545, 2.977456992474641, 3,3, 10.948
2.988108315991345, 2.9776603783173536, 3,3, 10.965
2.9882074298314656, 2.9778552043417026, 3,3, 10.965
2.9883028677765933, 2.9780535404138764, 3,3, 10.983
2.9883985860474227, 2.9782547247349465, 3,3, 10.983
2.988502324801752, 2.978455061073466, 3,3, 11.0
2.9886031114181897, 2.978650627268564, 3,3, 11.001
2.9887034101075196, 2.978844371933078, 3,3, 11.018
2.9888085523027645, 2.97904134662992, 3,3, 11.036
2.9889086612213998, 2.9792300102102076, 3,3, 11.036
2.9890214731048035, 2.9794144103731295, 3,3, 11.055
2.9891219676090133, 2.979588700127249, 3,3, 11.055
2.9892096857347163, 2.979759634851105, 3,3, 11.074
2.989320815071341, 2.979929902884978, 3,3, 11.075
2.9894130455070984, 2.9801012138529357, 3,3, 11.093
2.9894798227935726, 2.9802822738098933, 3,3, 11.093
2.9895645961466055, 2.9804588852435634, 3,3, 11.111
2.989664788519686, 2.9806363301179553, 3,3, 11.111
2.989759797546253, 2.98081992413637, 3,3, 11.129
2.9898507503091722, 2.9810012091688205, 3,3, 11.131
2.98992382872723, 2.981170806190293, 3,3, 11.15
2.9899926064585456, 2.981325033913677, 3,3, 11.167
2.9900798216540023, 2.981476576221773, 3,3, 11.168
2.9901892228759404, 2.981627998162908, 3,3, 11.186
2.9902841328723175, 2.981779699264423, 3,3, 11.186
2.990362990301292, 2.9819341025401127, 3,3, 11.205
2.9904471428608765, 2.9820823620709334, 3,3, 11.205
2.9905375480494873, 2.9822290182594857, 3,3, 11.223
2.9906242832628998, 2.9823784632923753, 3,3, 11.223
2.9907158635082753, 2.9825278186308304, 3,3, 11.243
2.9908002481002973, 2.982681671955317, 3,3, 11.243
2.9908732624261747, 2.982824519073316, 3,3, 11.263
2.9909431891408467, 2.9829703041226985, 3,3, 11.263
2.991022329572571, 2.983112348249056, 3,3, 11.282
2.9910949637508595, 2.983249907556139, 3,3, 11.282
2.991171225101498, 2.98338757357957, 3,3, 11.301
2.9912514271931157, 2.9835299369763515, 3,3, 11.301
2.991312737742824, 2.9836714967838507, 3,3, 11.32
2.9913977202677793, 2.9838069385289105, 3,3, 11.321
2.9914730638918154, 2.9839450034913617, 3,3, 11.339
2.9915602430263126, 2.984083218628368, 3,3, 11.358
2.991618832112738, 2.984210130882175, 3,3, 11.358
2.9916863901780815, 2.9843321300467673, 3,3, 11.376
2.99176215072166, 2.9844553486789867, 3,3, 11.376
2.991827999022035, 2.984579255793849, 3,3, 11.393
2.9919006402453454, 2.9847062937727804, 3,3, 11.394
2.991972263838174, 2.9848315939970402, 3,3, 11.409
2.9920504508756705, 2.9849483999214224, 3,3, 11.41
2.9921415902251662, 2.985076928878523, 3,3, 11.428
2.9922057156644954, 2.9852010303147547, 3,3, 11.446
2.9922731323978544, 2.985327836274288, 3,3, 11.446
2.992334444745091, 2.98543871653041, 3,3, 11.464
2.9924023960525195, 2.985546235142147, 3,3, 11.464
2.992462952175191, 2.985658822879207, 3,3, 11.482
2.992533690285908, 2.9857691607508223, 3,3, 11.482
2.992573605660858, 2.985886494937361, 3,3, 11.5
2.992634785660331, 2.9860040575267703, 3,3, 11.501
2.9926909734979317, 2.9861135530477028, 3,3, 11.516
2.9927540302618274, 2.9862267087010226, 3,3, 11.534
2.9928183134747455, 2.9863385788171293, 3,3, 11.534
2.992891053928628, 2.9864451094335815, 3,3, 11.554
2.9929518142357443, 2.9865433772194554, 3,3, 11.554
2.9930262622205563, 2.98663338316825, 3,3, 11.572
2.993096499582162, 2.9867232885270467, 3,3, 11.572
2.993158460806939, 2.986816825801267, 3,3, 11.59
2.9932177802277113, 2.9869129604864355, 3,3, 11.591
2.9932829864613635, 2.9870071147665556, 3,3, 11.608
2.993341895044532, 2.98709945095934, 3,3, 11.625
2.9934079971825414, 2.987193502403679, 3,3, 11.625
2.9934723000537127, 2.987295175091518, 3,3, 11.643
2.993519067843314, 2.9873999730782437, 3,3, 11.643
2.9935799209455918, 2.987495067534435, 3,3, 11.662
2.993618178163158, 2.987593672380504, 3,3, 11.662
2.9936767395363058, 2.9876821161902614, 3,3, 11.681000000000001
2.993732389205273, 2.9877675936201036, 3,3, 11.681000000000001
2.993779902501824, 2.9878663466557334, 3,3, 11.699
2.9938104801559446, 2.987961738266878, 3,3, 11.717
2.9938573609447854, 2.9880532571751037, 3,3, 11.717
2.9939194102083917, 2.9881351810842465, 3,3, 11.737
2.9939679384235913, 2.988224089008359, 3,3, 11.737
2.994021448260953, 2.9883095748835, 3,3, 11.752
2.9940805692224552, 2.988389425629401, 3,3, 11.752
2.994132447168767, 2.9884642826022465, 3,3, 11.765
2.9941915087975652, 2.9885374842531087, 3,3, 11.771
2.9942358061264716, 2.988616661682176, 3,3, 11.788
2.9942947411738556, 2.9886906996028744, 3,3, 11.805
2.9943385568325183, 2.9887703436510225, 3,3, 11.805
2.9943968464620982, 2.988849250127706, 3,3, 11.824
2.994456338825799, 2.9889264882635413, 3,3, 11.824
2.9945160824153825, 2.9890002729549345, 3,3, 11.842
2.9945743402318583, 2.989072882325538, 3,3, 11.842
2.9946192245215304, 2.98915520187169, 3,3, 11.861
2.9946528563590045, 2.989237695001135, 3,3, 11.861
2.994701445043292, 2.9893171412624935, 3,3, 11.878
2.994746538962135, 2.989395389054111, 3,3, 11.88
2.994792604374802, 2.989468976604084, 3,3, 11.899000000000001
2.9948239118910904, 2.9895414201719803, 3,3, 11.916
2.9948679549739112, 2.9896114876841606, 3,3, 11.916
2.9949038251984192, 2.9896796571615756, 3,3, 11.935
2.9949687414456188, 2.9897544140243357, 3,3, 11.935
2.995020259512414, 2.9898228607312345, 3,3, 11.952
2.995076970321055, 2.9898813892663685, 3,3, 11.952
2.995131558713271, 2.989936230995175, 3,3, 11.97
2.995181847741751, 2.9899882791229864, 3,3, 11.971
2.9952401559752704, 2.990039509770097, 3,3, 11.988
2.995293520430317, 2.99009101478552, 3,3, 12.007
2.9953394355833147, 2.9901574384613103, 3,3, 12.007
2.9953725061852396, 2.9902258726621254, 3,3, 12.023
2.995426943599967, 2.9902795377401103, 3,3, 12.023
2.995461923706465, 2.990348271560159, 3,3, 12.04
2.9955151306185206, 2.9904075825697576, 3,3, 12.041
2.9955655383577846, 2.9904539901345064, 3,3, 12.06
2.9956217319222467, 2.9904988166443056, 3,3, 12.077
2.9956732750503505, 2.990543814816882, 3,3, 12.077
2.9956976276873144, 2.9905999621617756, 3,3, 12.094
2.9957284685946024, 2.9906593303125186, 3,3, 12.094
2.9957742906441256, 2.9907227002382357, 3,3, 12.113
2.99581999194276, 2.990779402331172, 3,3, 12.113
2.9958672065268868, 2.9908257436560275, 3,3, 12.13
2.995913815677096, 2.9908754467363976, 3,3, 12.131
2.995936456852596, 2.9909355454046227, 3,3, 12.148
2.9959555319526827, 2.9909957610732834, 3,3, 12.168
2.9959787163776537, 2.9910481268827542, 3,3, 12.168
2.9960113626072986, 2.9911013948420804, 3,3, 12.186
2.9960376594541542, 2.9911533855044614, 3,3, 12.186
2.9960722701084057, 2.9912200912677545, 3,3, 12.203
2.996079757645648, 2.9912756666852647, 3,3, 12.203
2.9961130215258294, 2.991340485362192, 3,3, 12.221
2.9961237310707314, 2.9913974088648567, 3,3, 12.221
2.996141038161365, 2.9914615838814766, 3,3, 12.238
2.9961775408041356, 2.991504003811138, 3,3, 12.241
2.996230788843278, 2.991534483239023, 3,3, 12.258
2.996279476619098, 2.99156570017947, 3,3, 12.275
2.996323753843112, 2.9915978919477557, 3,3, 12.275
2.996375157281003, 2.991629272791151, 3,3, 12.295
2.996415366499216, 2.99166148596521, 3,3, 12.295
2.9964399982982033, 2.9917073997954087, 3,3, 12.313
2.9964637325467836, 2.991752082693901, 3,3, 12.313
2.9965076171260026, 2.9917882351880745, 3,3, 12.333
2.99655414512243, 2.9918191863130907, 3,3, 12.333
2.9965895294242584, 2.9918607137457607, 3,3, 12.353
2.9966263701828897, 2.99189672847943, 3,3, 12.353
2.996671882938998, 2.9919277189012585, 3,3, 12.369
2.996719340307931, 2.991953486026017, 3,3, 12.37
2.996747195120696, 2.992000922635257, 3,3, 12.388
2.9967869091421817, 2.992035345866476, 3,3, 12.407
2.99683213949992, 2.992061246975818, 3,3, 12.407
2.9968499870326806, 2.992102973856959, 3,3, 12.426
2.9968712537004265, 2.992146093402862, 3,3, 12.426
2.9968731655134198, 2.9921941322713432, 3,3, 12.442
2.996874646445979, 2.9922441016323518, 3,3, 12.442
2.996876382619181, 2.9922883148991817, 3,3, 12.461
2.9968777930250012, 2.9923329612348155, 3,3, 12.461
2.996879462042927, 2.9923763593646466, 3,3, 12.479
2.9968809221882444, 2.9924206697399325, 3,3, 12.481
