0.08498835303218187, -6.11581577842333e-08, 0.011
0.08498148716300755, 2.2263499401483397e-07, 0.021
0.08497570411435884, 4.3440462696620823e-07, 0.031
0.08496886129476969, 7.685384821320363e-07, 0.041
0.08496305609413127, 1.0150866356895438e-06, 0.05
0.08495620990706973, 1.3991655380691198e-06, 0.06
0.08495149260235006, 3.583430486795177e-06, 0.071
0.08494614791793166, 3.983454841075407e-06, 0.081
0.08494089055091952, 7.587585305376601e-06, 0.091
0.08493519763181112, 7.988082257717458e-06, 0.101
0.08492933800753458, 7.306525770545859e-06, 0.113
0.08499297159971146, -9.313398119896952e-06, 0.129
0.08517228553642359, -2.231761805479496e-05, 0.145
0.0854637024241271, -4.049814471875106e-05, 0.145
0.08587949848144344, -3.959669730578868e-05, 0.162
0.08640838457602584, -3.970176900487504e-05, 0.162
0.0870212347854504, -5.115135541574008e-05, 0.179
0.0877541442119256, -7.049860064652065e-05, 0.181
0.08858332372265143, -8.736541399262179e-05, 0.198
0.08988184942085585, 0.00043216111621509, 0.215
0.09178208800936698, 0.0017524889665756097, 0.216
0.09430210831458942, 0.0039862842685200045, 0.23
0.09733285462160096, 0.0070731483117800285, 0.231
0.1004771666200783, 0.010600492607189264, 0.246
0.10351832886078208, 0.014271734262449624, 0.262
0.10623784712503605, 0.01817211279661653, 0.262
0.10849538906956693, 0.021000522948646953, 0.278
0.11067920978498104, 0.024563260225176627, 0.28
0.11257988815677274, 0.028680700604825193, 0.293
0.1142986777461183, 0.032592848663331064, 0.306
0.11586317889550407, 0.036227172357743545, 0.319
0.11717207632642872, 0.03845634403883794, 0.333
0.11830631460095156, 0.039367614561861115, 0.333
0.11947709029906528, 0.03984165528708803, 0.348
0.12076265261735743, 0.040369323396476586, 0.351
0.12215283270128977, 0.04094017673985477, 0.367
0.12361247524138912, 0.04156951600172598, 0.382
0.1251843582384466, 0.0422063604404616, 0.382
0.12684717437135798, 0.042891765903187086, 0.394
0.12860542931271002, 0.043581148591990644, 0.401
0.13046442463900754, 0.04423195940851567, 0.413
0.13241330317204478, 0.044848873936580845, 0.426
0.134480724850372, 0.04560346967276193, 0.441
0.1366359216749334, 0.04637314780707498, 0.441
0.13889940259753353, 0.047246314392048815, 0.456
0.14128979154749274, 0.04816628440726151, 0.461
0.14374773265840599, 0.04904231443799002, 0.477
0.1463321928727765, 0.05002198976264419, 0.493
0.14900688087641392, 0.05102369033054514, 0.494
0.15175669391210556, 0.05205902016724033, 0.508
0.1548404494867402, 0.05392407430227798, 0.511
0.1582060800637171, 0.057053804590992935, 0.524
0.16157770290215634, 0.060596585136153396, 0.54
0.16480605502236811, 0.06419856555264888, 0.554
0.16787903070286483, 0.06797968005325862, 0.554
0.17082730121006978, 0.07112140477007939, 0.568
0.17365668388445135, 0.07455281146218712, 0.571
0.17638871120321442, 0.07830398626245888, 0.584
0.1790225321314905, 0.08205827319486052, 0.6
0.18158346609439419, 0.08589676204374516, 0.616
0.18409061718007041, 0.08872267542075478, 0.617
0.18664726740168835, 0.09058992933377, 0.631
0.18939423075173925, 0.09224527895968249, 0.631
0.19223984131398053, 0.09400843809558337, 0.645
0.19516088889417305, 0.09578758176201177, 0.651
0.19817306798304718, 0.0975827475844517, 0.665
0.201249072125752, 0.09943925457408599, 0.679
0.20449186792231505, 0.10215764934059585, 0.693
0.2078089247776989, 0.10565709281051623, 0.693
0.21109895674463958, 0.10942317749313675, 0.709
0.21427786716288894, 0.11217113340264685, 0.71
0.21742216300595746, 0.11407334025667266, 0.725
0.2206637236343021, 0.11598964623895536, 0.74
0.22405758299074585, 0.11889186751639394, 0.755
0.22741613677272793, 0.12243539296188782, 0.755
0.23071514206396687, 0.125789020010323, 0.769
0.2339787921602697, 0.12927481168925287, 0.771
0.2371526754463417, 0.13281544785150923, 0.787
0.24024922603707277, 0.13639758599780885, 0.802
0.24330082777504392, 0.14001836687715566, 0.802
0.24634797398003036, 0.14288032781931956, 0.817
0.2495379447293282, 0.14516974436960617, 0.821
0.2528740987107098, 0.14795560302393546, 0.834
0.2562446152548101, 0.1513907007342275, 0.85
0.25959471284939545, 0.1550255653617007, 0.866
0.2629609525305643, 0.15869554596740193, 0.866
0.26618552314782046, 0.16211393319713524, 0.881
0.26947641945051826, 0.16581819924483598, 0.881
0.2727188524028545, 0.1694085455933903, 0.897
0.27595123651966563, 0.172951220499899, 0.901
0.2791041891297145, 0.17578748821044976, 0.913
0.2823876611098383, 0.17812827659305164, 0.929
0.2857926709345642, 0.1811286523250189, 0.945
0.28918872042996, 0.18464448502195113, 0.945
0.29259699752674373, 0.18822244140723637, 0.96
0.29594791382636565, 0.19171844244188013, 0.961
0.29928728571582386, 0.19524552000025408, 0.974
0.30261148886971284, 0.19880051126899806, 0.989
0.3058732492889789, 0.20238469113949073, 1.004
0.30915853046100583, 0.20595388448365645, 1.004
0.31246508097420256, 0.20948615126615122, 1.019
0.31583828157381444, 0.2130464419309755, 1.02
0.3192130990040864, 0.21662226551434965, 1.036
0.3225829430375995, 0.2202147714607593, 1.051
0.3259223769759326, 0.22379952575573742, 1.051
0.3292880348843319, 0.22744444336596945, 1.065
0.3326260571916394, 0.2311146699404248, 1.071
0.33594846081609664, 0.23474996707720547, 1.086
0.33926835866047333, 0.23840240278322627, 1.102
0.34251332498427745, 0.24204509794018758, 1.102
0.3456568688033302, 0.2448578996046067, 1.1179999999999999
0.34898090870691395, 0.24725884005287607, 1.121
0.3524082704684322, 0.2502108153179529, 1.134
0.3558344718669389, 0.2536802809999237, 1.15
0.3592112811213369, 0.25712441320085583, 1.166
0.3626302462219165, 0.26059036986395046, 1.167
0.3660277432516516, 0.2640876722913068, 1.186
0.36945623782311365, 0.2675905045243551, 1.186
0.3728722015320747, 0.2710930257335453, 1.203
0.376298816626309, 0.27460862148232806, 1.203
0.379720796051095, 0.2781298836149211, 1.22
0.38316175272393876, 0.2816677353958765, 1.221
0.386601119285076, 0.285220266462936, 1.236
0.390037621411021, 0.2887994722063418, 1.252
0.39345183496258074, 0.29238271737873955, 1.252
0.3968379566229454, 0.29599083369915313, 1.268
0.4002384510146069, 0.2995693419835102, 1.27
0.40359706171621784, 0.30312708475818456, 1.284
0.40694995313131593, 0.3066790438365019, 1.301
0.41027134481634686, 0.31026461739666994, 1.301
0.413644970268814, 0.31382407453854483, 1.317
0.41697763392498755, 0.31735276080862773, 1.321
0.4203020160453508, 0.3208935591937063, 1.338
0.42363500296348283, 0.32442981485497446, 1.3559999999999999
0.42698394621172925, 0.32796779182145536, 1.3559999999999999
0.4303392172399535, 0.3314656043698359, 1.374
0.4337193763986923, 0.33501322916153836, 1.374
0.43710180842518065, 0.3385309289033563, 1.391
0.4404870554956453, 0.3420598551697803, 1.391
0.44391039923171105, 0.34560476398342055, 1.407
0.4473348753138094, 0.34917166979501263, 1.411
0.45075393894310295, 0.3527215256992816, 1.426
0.4542003462688154, 0.35625379540320784, 1.442
0.4576165599225548, 0.3598089169177298, 1.442
0.46103808109499445, 0.3633834578716478, 1.459
0.464456779422475, 0.36692799011174887, 1.46
0.4678343094972737, 0.3704872326796393, 1.4769999999999999
0.4712096287108249, 0.3740468180705015, 1.494
0.4745658252369537, 0.3775855886420411, 1.494
0.477935233418626, 0.3811245770990278, 1.51
0.4813049230383745, 0.38465445025143036, 1.5110000000000001
0.4846760534203378, 0.38818335025616035, 1.526
0.4880688156768637, 0.39168193091848114, 1.544
0.49145444963823015, 0.395188305654841, 1.544
0.4948645058732348, 0.3986534433721415, 1.563
0.498258409368501, 0.40211235663587597, 1.564
0.501695262218826, 0.40562894106164255, 1.583
0.505121780387295, 0.4091316290063126, 1.583
0.5085615801996464, 0.41263920052738917, 1.601
0.5120054945285514, 0.41614512718315255, 1.601
0.5154563781834942, 0.4196767231026659, 1.621
0.5189138302009072, 0.4232140432871489, 1.621
0.522380130383008, 0.42674229692984783, 1.638
0.525820985953616, 0.4302907178611229, 1.641
0.5292140531721385, 0.43383126667489247, 1.657
0.532605208646215, 0.4373599368484823, 1.673
0.5360087248455865, 0.44089419058028356, 1.674
0.5393901884154831, 0.4444123255546447, 1.687
0.542719674010558, 0.4479348237206935, 1.69
0.5460301567111104, 0.4514429204829967, 1.705
0.5493989076683284, 0.4549659095603941, 1.72
0.5527676339946762, 0.4584720057645653, 1.738
0.5561340624619117, 0.4619583911678686, 1.738
0.5595296034831475, 0.4654295692189562, 1.7570000000000001
0.5628963576388538, 0.46892959685644603, 1.7570000000000001
0.5662872113017542, 0.47240193773829753, 1.776
0.5696914463059728, 0.4759218227571205, 1.776
0.5731451970321739, 0.4794498477133663, 1.794
0.5765865734221896, 0.48300253112286046, 1.794
0.580034795117146, 0.4865288471472185, 1.811
0.5834968965840228, 0.4900818788546163, 1.811
0.586910136735103, 0.4936282952653704, 1.829
0.5903399874859917, 0.4971843312991012, 1.83
0.5937414282757418, 0.5007401843512554, 1.847
0.5971265643141432, 0.5042897510383206, 1.865
0.6004957024351474, 0.5078309533095811, 1.865
0.6038566460451703, 0.5113603573583191, 1.881
0.6072237517174753, 0.5148822774830218, 1.881
0.6105719734882494, 0.5183805459449384, 1.899
0.6139234843487136, 0.5219287470529305, 1.901
0.6172926169924777, 0.5254273370182605, 1.9180000000000001
0.6206778487411982, 0.5289471302112705, 1.937
0.6240557590756975, 0.532448855032587, 1.937
0.6274650305774516, 0.5359629339667387, 1.952
0.6308871327849723, 0.5394543109297655, 1.952
0.634335544004309, 0.5429712725850867, 1.97
0.6377776602179528, 0.5464928415176732, 1.971
0.6411858964218233, 0.5500541208640959, 1.986
0.6446231195672393, 0.5536085102672114, 2.003
0.6480398776756291, 0.5571575740439013, 2.003
0.6514542799277987, 0.560683457355718, 2.021
0.6548193862031387, 0.564251863707408, 2.021
0.6581904090253909, 0.5678219030336938, 2.038
0.6616040583855429, 0.5713007685259655, 2.041
0.6650110137629035, 0.5747700351053714, 2.058
0.6683763025799008, 0.5782513635524854, 2.076
0.6717337255962658, 0.581753520978928, 2.076
0.675044957626609, 0.5852655983971387, 2.094
0.67838709380018, 0.5887820879833939, 2.094
0.6817632018889863, 0.5922716893666907, 2.113
0.6851248104844487, 0.5957552161518447, 2.113
0.6884856465181806, 0.5991969685999489, 2.13
0.6918896174297973, 0.6026353249871995, 2.13
0.6953355103685775, 0.6061046775349532, 2.149
0.6987647600225234, 0.6095870016125321, 2.167
0.7022267275384529, 0.6130723167277929, 2.167
0.7057180792008981, 0.6165649739897827, 2.183
0.7091891064624434, 0.6200858580539502, 2.184
0.7126511716238525, 0.6235948986714459, 2.2
0.7161143276480533, 0.6271274250240811, 2.201
0.7195322870335703, 0.6306906844583876, 2.217
0.7229597801319073, 0.6342461531626358, 2.235
0.726349340670237, 0.6378020157812142, 2.235
0.7296934488885103, 0.6413594725852081, 2.252
0.7330572806655351, 0.6448972201634215, 2.252
0.7364354143902982, 0.6484224189347166, 2.269
0.7398238867991973, 0.6519472560930385, 2.271
0.7431794750500987, 0.6554746217109703, 2.287
0.7465470491387904, 0.6589878922768554, 2.307
0.7498988179391524, 0.6624885100271741, 2.307
0.7532755993621866, 0.6660049009932872, 2.323
0.7566942135532104, 0.6695127597913022, 2.324
0.7600974774164095, 0.6730451936970852, 2.34
0.7635384159257137, 0.6765545360861653, 2.341
0.7669933877682671, 0.6800938730567287, 2.357
0.7704151854311021, 0.6836495432036314, 2.373
0.7738787660484242, 0.6871719238715285, 2.373
0.7773084827546001, 0.6907587607687187, 2.3890000000000002
0.7807073593967632, 0.6943069104531336, 2.391
0.7841044327973391, 0.6978661750778105, 2.4050000000000002
0.7875065649779213, 0.7014181172509255, 2.424
0.7909153889084964, 0.7049374355098585, 2.424
0.7942868825466506, 0.7084479781556322, 2.439
0.7976417377835451, 0.7119758610186784, 2.44
0.8010135661505453, 0.7155093278627245, 2.454
0.8043814810737809, 0.7190352254659417, 2.468
0.8077332941053496, 0.7225561497919092, 2.481
0.8110888319366725, 0.7260744009946181, 2.481
0.8144503858131724, 0.7295938896389806, 2.495
0.8178301014979106, 0.7331015526820027, 2.501
0.8212462513481594, 0.7366065884652228, 2.515
0.8246741583117332, 0.7401092769531115, 2.529
0.8281318031100315, 0.7436349293729265, 2.544
0.8315899826134305, 0.7471712744647314, 2.544
0.8350247916202017, 0.7507573809248309, 2.5620000000000003
0.8384822646633753, 0.7543207288112386, 2.5620000000000003
0.8419286501139782, 0.7579027451352041, 2.578
0.8453602652365344, 0.761469680639208, 2.581
0.8488079510262436, 0.7650191061548202, 2.594
0.8522406088939698, 0.7685433355203746, 2.609
0.8556543542052437, 0.7720929820756073, 2.623
0.8590783021725815, 0.7756094707294396, 2.623
0.8624415828995804, 0.7791124764168358, 2.638
0.8658056442569586, 0.78261327167297, 2.641
0.8691683728320454, 0.7861372678132196, 2.654
0.8725042519472072, 0.7896202661468497, 2.669
0.8759238130902482, 0.7931056610161902, 2.686
0.879324170762107, 0.7965935276981718, 2.686
0.8827259394142059, 0.8001048218702594, 2.701
0.886135761754217, 0.8036524075564921, 2.702
0.8895443080505009, 0.8072130355185749, 2.717
0.8929558605585017, 0.8107759362046679, 2.7199999999999998
0.8963499156669441, 0.8143308116307596, 2.735
0.8997647563491188, 0.8178779700900219, 2.753
0.9031680942078286, 0.821469404988112, 2.753
0.9065844386502185, 0.825049077676965, 2.77
0.9099901548777027, 0.828645678522731, 2.771
0.9134033290281679, 0.8321793050013243, 2.79
0.9167715984115425, 0.835742435592476, 2.806
0.9201467232127206, 0.8392994379960416, 2.806
0.9235166636304923, 0.8428370688043104, 2.826
0.9269115747783061, 0.8463700083439968, 2.826
0.9302830759569292, 0.8498849004276339, 2.844
0.9336725822401505, 0.8533743657935061, 2.844
0.9370453548420893, 0.8568981223579681, 2.862
0.9404175198045991, 0.8604324277138451, 2.862
0.9437992553412905, 0.8639323849153521, 2.879
0.9471993531781209, 0.867472800564597, 2.8810000000000002
0.9505798097210871, 0.8710159838512361, 2.898
0.9539573158318225, 0.8745610430675708, 2.917
0.9573988863058496, 0.8781004641520752, 2.917
0.9608514685139062, 0.8816671964058884, 2.936
0.9642886147852778, 0.8852072752399047, 2.936
0.9677601754411268, 0.8887616607345297, 2.9539999999999997
0.9711858914490475, 0.8923230288609334, 2.9539999999999997
0.9746035137345578, 0.8959008162182155, 2.971
0.9780354663243641, 0.8994829316679278, 2.971
0.9814234132122927, 0.9030352134329567, 2.984
0.9847962422329471, 0.9065589530707371, 2.991
0.9881970178067125, 0.9100524400951505, 3.007
0.9915675589745553, 0.9135904648574653, 3.022
0.9949141548729906, 0.9170964740104922, 3.022
0.998256728716717, 0.9206331831945425, 3.038
1.0016457032351802, 0.9241303554265002, 3.04
1.0050497606130595, 0.9276163592886282, 3.054
1.0084442705534218, 0.9311013370785277, 3.069
1.0118450190110533, 0.9346020260142981, 3.085
1.0152523938989397, 0.9381092794296059, 3.085
1.0186617840037997, 0.9416217374549586, 3.1
1.022095946207911, 0.945148789223375, 3.1
1.0255223604226111, 0.9487234332134111, 3.115
1.028958166114492, 0.9522897063934301, 3.135
1.032409074631631, 0.955870441879167, 3.135
1.0358237438614253, 0.959448061482295, 3.154
1.039227398496378, 0.963010788126277, 3.154
1.0426356067527518, 0.9665941698168735, 3.169
1.0460343272438581, 0.970141398392173, 3.171
1.0494240022983417, 0.9736884506441583, 3.187
1.052795711422655, 0.9772198152833281, 3.205
1.0561515032417526, 0.980765226567628, 3.205
1.0595045656966486, 0.9843021851102098, 3.224
1.0628938409429278, 0.987828957204037, 3.224
1.0662524476467565, 0.9913291365659623, 3.243
1.0696364745907485, 0.9948409807782634, 3.243
1.07300364948886, 0.9983805222612612, 3.26
1.0763727341213245, 1.0018940418034774, 3.26
1.0797633186547586, 1.0054173534809734, 3.277
1.083173262108796, 1.0089660816606756, 3.295
1.086623345377049, 1.0124979910151588, 3.295
1.0900946108992755, 1.0160486658143961, 3.313
1.0935087104585997, 1.0196125236585614, 3.313
1.0969474089298887, 1.0231752397157785, 3.332
1.1003942038394359, 1.0267342877210932, 3.332
1.103824268493592, 1.0302913954157555, 3.349
1.107239423221814, 1.0338585524175143, 3.35
1.1106477035659703, 1.03741405371182, 3.37
1.1140502896902758, 1.0409328764701002, 3.387
1.1174093740614182, 1.0444647373302591, 3.387
1.1207819414543212, 1.0479930506969168, 3.402
1.1241475965956738, 1.0515156930753922, 3.402
1.1275044551383469, 1.0550030936946866, 3.422
1.13086448391846, 1.0585360690139403, 3.422
1.1342255590365766, 1.062059861424358, 3.441
1.1376056214449695, 1.0655939602326414, 3.441
1.1409780571486952, 1.0691362017584813, 3.461
1.144366668543801, 1.0726439479977536, 3.461
1.1477896408059385, 1.0761686456819664, 3.48
1.1512242823752934, 1.0797065260800403, 3.481
1.1546680369908882, 1.083252771197186, 3.496
1.158096689095741, 1.0868125551542511, 3.515
1.1615401044380893, 1.090361721959596, 3.515
1.164964027716379, 1.0939189653072146, 3.531
1.168376542965357, 1.0975107452771533, 3.531
1.1717528144353522, 1.1010763010144806, 3.551
1.1751269717285864, 1.1046078617875, 3.551
1.1785195967263447, 1.108167179734928, 3.568
1.1819047051307987, 1.1116998720689943, 3.586
1.1852756398777582, 1.1152313221909236, 3.586
1.1886438673680955, 1.1187838158776786, 3.604
1.1919740486288086, 1.1223245734567284, 3.604
1.1953132303553802, 1.1258301559728208, 3.621
1.198661593620995, 1.129306464197849, 3.621
1.2020658401757391, 1.1328121118042072, 3.6390000000000002
1.2055006411848639, 1.1362968121346049, 3.641
1.2089164958451146, 1.1398236891802709, 3.658
1.2123348365340534, 1.143336084639868, 3.674
1.2157716288115772, 1.1468368243468507, 3.674
1.2192508007251495, 1.150345937006832, 3.692
1.2227057522343276, 1.1539035326134672, 3.692
1.2261466975902071, 1.1574663218046122, 3.71
1.22956573475598, 1.161048561628309, 3.71
1.2329638707200594, 1.1646418031960248, 3.727
1.2363776239081767, 1.1682062038609515, 3.745
1.239734674504686, 1.1717813062774436, 3.745
1.243126062866221, 1.1753368882126802, 3.762
1.2464932020528274, 1.1788763423042719, 3.762
1.2498341038305552, 1.182405094625986, 3.7800000000000002
1.2531913928057403, 1.1859195258605086, 3.781
1.2565765805130567, 1.189439299707594, 3.797
1.2599685709860176, 1.1929445529667977, 3.816
1.2633138156434753, 1.19642243622811, 3.816
1.2667510786471008, 1.199873817205854, 3.835
1.2701869238363968, 1.2033546180494095, 3.835
1.2736111769714973, 1.206890651150292, 3.851
1.2770392559574144, 1.2103694196173895, 3.851
1.2805017882352612, 1.21387757083477, 3.87
1.283910158530906, 1.217434163342621, 3.871
1.2873580139524707, 1.220935199760319, 3.8890000000000002
1.2908256830817297, 1.2244865370329099, 3.906
1.294289175885439, 1.2280017736543967, 3.906
1.2977278203425553, 1.2315091925852468, 3.922
1.3011106504886154, 1.2350468340163536, 3.922
1.3044804330122535, 1.2386004646577755, 3.94
1.3078474792795185, 1.242149281200922, 3.941
1.3112216344020255, 1.2457072282801906, 3.958
1.314567248277853, 1.2492641109396703, 3.973
1.3179145023171235, 1.2527932891067854, 3.973
1.3212651074107702, 1.2562891736505641, 3.989
1.3246132318118344, 1.2597805842165335, 3.991
1.32795887053358, 1.2632778715582984, 4.005
1.3313526214959799, 1.2668037208748149, 4.021
1.334759095529259, 1.2703186347017028, 4.021
1.3381248744871554, 1.2738538225324918, 4.037
1.3415178896763709, 1.2774146289691386, 4.041
1.3449023883370654, 1.28092934391891, 4.057
1.3483568872454628, 1.2844701720999614, 4.075
1.3518026720184557, 1.2880362162539307, 4.075
1.355199344923076, 1.2915844305983444, 4.092
1.3585969380036318, 1.2951623069593388, 4.092
1.36196545260428, 1.2986787164601785, 4.11
1.3653082376245531, 1.302217567642611, 4.111
1.3686902551471236, 1.305774748862739, 4.127
1.3720531408666572, 1.3093180504020496, 4.147
1.3754088502666264, 1.3128427818982615, 4.147
1.3787775439533343, 1.316382264178256, 4.164
1.3821080445528724, 1.3199204338890924, 4.164
1.3854869777175531, 1.3234395492377335, 4.183
1.3888693917046728, 1.326924424176223, 4.183
1.392261365548509, 1.3304442809724117, 4.202
1.3956660031674106, 1.3339759598949847, 4.202
1.3990866814513547, 1.3374922244299328, 4.22
1.4025009095142067, 1.3410311332562663, 4.221
1.4059351061866923, 1.3445570181873152, 4.239
1.4093732216094756, 1.348027006140306, 4.261
1.412827948291819, 1.3515430697917488, 4.261
1.4162727141271114, 1.3551047889431997, 4.261
1.4197190471615428, 1.3586723890214607, 4.279
1.4231707729364915, 1.3622490635124334, 4.28
1.4266204310354107, 1.3658048909664022, 4.299
1.4300610797364466, 1.3693311935713874, 4.316
1.4334675217027066, 1.372831092574314, 4.317
1.4368626896034777, 1.3763651405191482, 4.334
1.4402343892970655, 1.3798926869377932, 4.334
1.4436036606206284, 1.383382231720555, 4.353
1.4469794130406906, 1.3868742025713705, 4.353
1.450386707345602, 1.3903700249248305, 4.372
1.4537827397734002, 1.3938809215732804, 4.372
1.4571705441392526, 1.3973776225918098, 4.39
1.4605728185363551, 1.400876916953022, 4.391
1.4639701033670331, 1.4043602128185289, 4.408
1.4673883889889932, 1.4078224232882839, 4.426
1.4708591759725447, 1.4113204341661207, 4.427
1.4743103854794035, 1.414852458575349, 4.446
1.4777756617315534, 1.4183740589518192, 4.446
1.481226602258636, 1.421945783579594, 4.465
1.484667984921405, 1.425500237781967, 4.465
1.4881097261062073, 1.4290305687465388, 4.485
1.4915287895026297, 1.4325686934532318, 4.485
1.4949570325463195, 1.4361126949999306, 4.502
1.498359286385394, 1.4396413783211488, 4.502
1.5017266781898277, 1.4431839665763329, 4.519
1.5050934596310936, 1.4467177174477903, 4.52
1.508463784799471, 1.4502576089401045, 4.538
1.511803838588931, 1.453808901140585, 4.554
1.5151311439755506, 1.4573340303740667, 4.554
1.5184970725055715, 1.4608698159649265, 4.572
1.5218900483062063, 1.4644103527296275, 4.572
1.525260980025476, 1.467919624300527, 4.59
1.5286720183007256, 1.471452216620028, 4.59
1.5320772994755445, 1.4750023722000387, 4.609
1.535488520905913, 1.4785416537206226, 4.626
1.5389428610509497, 1.482110850561243, 4.626
1.5423659612706577, 1.4856619988080506, 4.644
1.5457975517018558, 1.4892351540761828, 4.644
1.5492180225461176, 1.4928085515674885, 4.661
1.5526404150963673, 1.4963711155321273, 4.661
1.5560392704212895, 1.4998980652518807, 4.678
1.559409614425441, 1.5034332611037113, 4.68
1.5627636082922898, 1.5069784673970106, 4.697
1.5661480876361074, 1.5105201016268142, 4.717
1.5695013714616375, 1.5140494180172923, 4.717
1.572841888393911, 1.5175771110000758, 4.735
1.5762393854878753, 1.5210878561132342, 4.735
1.5796167581289917, 1.524596146185178, 4.752
1.5830243069843222, 1.528088427618792, 4.752
1.5863669376511298, 1.5315938234161632, 4.771
1.5897356784782393, 1.5351045444844407, 4.771
1.5931505833269188, 1.5385767672644406, 4.789
1.5965556412284159, 1.5421106522921857, 4.791
1.5999900272922636, 1.545647305686342, 4.808
1.6034435850415045, 1.5491943943271542, 4.826
1.606871972275636, 1.5527715109144824, 4.826
1.6103065805857597, 1.5563156095889048, 4.846
1.6137206741634704, 1.5598842525212762, 4.846
1.6171292202569418, 1.563469476010424, 4.864
1.62053488195298, 1.567044076788937, 4.864
1.6238841038752054, 1.5706215708003752, 4.882
1.6272148692209971, 1.5741560573648927, 4.882
1.630569580015272, 1.5777250171216863, 4.9
1.6339227155232927, 1.581276097051965, 4.901
1.6372886676639224, 1.5847926315305474, 4.916
1.6406583705649405, 1.5883142487322275, 4.933
1.6440298408317062, 1.591805420092557, 4.933
1.6474371730216855, 1.5953106593471311, 4.953
1.6508624441091884, 1.5988124593328348, 4.953
1.6542973370144232, 1.6023230136078808, 4.9719999999999995
1.6577303410918658, 1.6058701771907757, 4.9719999999999995
1.661151574107566, 1.6094044401359404, 4.99
1.6645884666982367, 1.6129402829927364, 4.991
1.6680318196102741, 1.6164958894068169, 5.009
1.671483030323556, 1.620016030355613, 5.027
1.6749169671546829, 1.6235790349604062, 5.027
1.6783268021734834, 1.627157218290335, 5.046
1.681727657371401, 1.6306956881671089, 5.046
1.6851421430696978, 1.634271013650244, 5.063
1.6885211840277075, 1.6378395162881383, 5.063
1.691879765715848, 1.6413909863204406, 5.083
1.6952137696892735, 1.6449368730307514, 5.083
1.6985768719864516, 1.6484633847207657, 5.1
1.701966127835652, 1.651973760065943, 5.101
1.7053300106812093, 1.6554599635075122, 5.12
1.7087213767827059, 1.6589786667740078, 5.138
1.7121119021903635, 1.6624852278276763, 5.138
1.7155005581047094, 1.6659683355948958, 5.156
1.7188934202172939, 1.6694325244562038, 5.156
1.722315823206011, 1.6729351540059343, 5.172
1.7257315544961866, 1.676476183459794, 5.172
1.7291706916105267, 1.6799934783363968, 5.19
1.732630822289353, 1.683528732225729, 5.191
1.73608415349276, 1.6870662596698116, 5.212
1.7395187145854947, 1.6906158785394556, 5.213
1.7429775664564306, 1.6941825326651971, 5.229
1.7463858173898905, 1.6977269067105099, 5.231
1.7497925621767174, 1.7012897072923683, 5.249
1.7531861090947127, 1.7048612787383826, 5.267
1.7565842185567728, 1.7084089376688472, 5.268
1.7599861640652612, 1.7119380363659276, 5.285
1.7633603131681606, 1.7154823720087504, 5.285
1.7667425613058088, 1.7190253089236618, 5.302
1.7701078298674124, 1.7225248303203657, 5.302
1.7734890445449785, 1.7260495542876573, 5.321
1.7768521200313097, 1.729546439541991, 5.321
1.7801967674327832, 1.7330479738010944, 5.339
1.7835424226593966, 1.7365714848787874, 5.34
1.7869354383700604, 1.7401031077675095, 5.358
1.790312390844698, 1.7436481411427363, 5.375
1.7937454840060765, 1.7471870939873135, 5.376
1.7971582477727277, 1.7507113669485788, 5.394
1.8005857279629345, 1.7542730577602528, 5.394
1.8040172075551801, 1.7578262238960471, 5.411
1.807443805992175, 1.7614095871406563, 5.411
1.8108865994698058, 1.76494971374035, 5.428
1.814299957997392, 1.768427180941104, 5.431
1.817690848484556, 1.7719836726778941, 5.448
1.8210568065319643, 1.7755173584918245, 5.465
1.8244068131003202, 1.779036078449332, 5.466
1.827771624205024, 1.78255274403031, 5.483
1.8311496617534588, 1.7860925605756857, 5.483
1.8345268168188849, 1.7896431252827956, 5.501
1.8378935241917171, 1.7931282126662778, 5.501
1.841267869248665, 1.7965963699575516, 5.52
1.844692197847966, 1.8000579234025116, 5.521
1.8481166431608966, 1.8035519372875841, 5.537
1.8515314433136019, 1.8070334585391399, 5.555
1.8549735803613419, 1.8105767710089615, 5.555
1.8584392601825623, 1.8141123363330744, 5.574
1.8619197559751584, 1.8176215158018874, 5.574
1.8653906179792668, 1.8211477574832171, 5.593
1.8688321191999993, 1.8246973471968961, 5.593
1.8722470740563635, 1.828250578122306, 5.6129999999999995
1.8756698196019452, 1.8318179456064845, 5.6129999999999995
1.8790787728326641, 1.8353885543253234, 5.633
1.8824587561440989, 1.8389510842085222, 5.633
1.8857940868749672, 1.8424094074499688, 5.649
1.8891905998386782, 1.845913590264873, 5.651
1.8925635139548764, 1.8493931234429277, 5.6690000000000005
1.8959161969621208, 1.8529360112537347, 5.6850000000000005
1.8992795446304604, 1.8564678986366205, 5.6850000000000005
1.9026629560214865, 1.8599898650823907, 5.704
1.9060283214943785, 1.863505278503054, 5.704
1.909440640144908, 1.8670233220861912, 5.7219999999999995
1.912864184842421, 1.8705615773991073, 5.7219999999999995
1.9162732209375037, 1.8740970409535385, 5.74
1.9196952672782508, 1.8776353874679972, 5.741
1.9231440203262347, 1.881151093411891, 5.758
1.9266079249886, 1.8846890080307697, 5.779
1.9300583147333517, 1.8882382208239947, 5.779
1.9334830519966557, 1.8917819284659385, 5.798
1.9369092763393254, 1.8953377062209205, 5.798
1.940333525680484, 1.8989058283752978, 5.8149999999999995
1.9437243288499837, 1.902467782059015, 5.8149999999999995
1.9471358533773244, 1.9060128908912757, 5.833
1.950515174804607, 1.9095569466758342, 5.833
1.953906176904353, 1.9131037589862192, 5.852
1.9572835154542605, 1.916621101648247, 5.852
1.9606306032176448, 1.9201103799126655, 5.872
1.9639626058554642, 1.9236246127567291, 5.872
1.9672757139410255, 1.927147862296811, 5.889
1.9706337215050558, 1.930658170905568, 5.891
1.9740032938018142, 1.9341677557882322, 5.907
1.9773559866441586, 1.9376642654655942, 5.924
1.9806884484788148, 1.941202738213878, 5.924
1.9841209146240868, 1.9447293442890794, 5.942
1.987556527609083, 1.9482565383322035, 5.942
1.990999538166508, 1.9518155137952105, 5.96
1.9944522121864277, 1.9553833959910856, 5.961
1.9978608112867253, 1.958956913970676, 5.977
2.001281210650946, 1.9625141640289117, 5.994
2.0046883366360153, 1.966083353657757, 5.994
2.008087388601036, 1.969650745882433, 6.012
2.0114841239374686, 1.9731667845517493, 6.012
2.014864197849495, 1.976703979530324, 6.03
2.0181935606732897, 1.9802640407049117, 6.031
2.021565520375798, 1.9838035521185329, 6.048
2.0248926321627985, 1.9873275597356055, 6.066
2.0282519496279403, 1.9908364556220457, 6.066
2.0316184750975204, 1.9943596268519441, 6.083
2.0349618747666187, 1.9978750560317404, 6.083
2.038354590342578, 2.0014305620100363, 6.102
2.041735405795121, 2.0049526719635007, 6.102
2.045152618745958, 2.0084896191441173, 6.12
2.048599184222061, 2.012041568892085, 6.121
2.0520162731378964, 2.0155724324463913, 6.139
2.0554602903015287, 2.01911982757478, 6.159
2.0588898335024117, 2.022685211926225, 6.159
2.062326849903273, 2.0262148876777206, 6.178
2.0657171041521574, 2.0297670844970406, 6.178
2.069090454388868, 2.033325097963713, 6.196
2.0725184402349193, 2.0368584833038237, 6.196
2.075920652413661, 2.0403732657301807, 6.213
2.079286057288708, 2.0438983202440713, 6.213
2.082640958423444, 2.0474138683364624, 6.232
2.08603080185631, 2.0509531583605827, 6.232
2.0894126542828784, 2.054459566590818, 6.251
2.092788101943158, 2.0579586599512156, 6.251
2.096167139069546, 2.0614853602337546, 6.268
2.0995463608575897, 2.0650298156807816, 6.27
2.102898933913165, 2.068555869596066, 6.288
2.106260614607309, 2.0720678562810035, 6.305
2.109592966509773, 2.0755634996078993, 6.305
2.1130476576342483, 2.0791019835505082, 6.323
2.116500095773145, 2.0826612331339596, 6.323
2.119909913623208, 2.086187612240646, 6.3469999999999995
2.12337672524638, 2.089745397914471, 6.3469999999999995
2.1268405667269583, 2.0933065829259134, 6.364
2.1302454009689855, 2.0968212154040846, 6.364
2.133677988022797, 2.100346829685837, 6.382
2.137114375263187, 2.103902063086947, 6.382
2.140535383567397, 2.10743939271632, 6.401
2.143914465575713, 2.110958972727792, 6.401
2.1472872171700303, 2.1144684667926623, 6.419
2.150654270691759, 2.1179799345244805, 6.421
2.1540259805906268, 2.1214940810939957, 6.439
2.15738715585651, 2.1249854890620696, 6.459
2.1607721658265957, 2.1284592146720605, 6.459
2.1641493772860754, 2.131988647045951, 6.476
2.1675616728373694, 2.135485782653509, 6.476
2.1709958852209126, 2.1389871877183437, 6.494
2.174391250767785, 2.1425194097335494, 6.495
2.1778406004635658, 2.1460583570319924, 6.5120000000000005
2.1812844713748247, 2.1496005490294134, 6.5120000000000005
2.184742593591798, 2.1531298057652086, 6.531
2.188149584895796, 2.1566779246534735, 6.531
2.1915064483119955, 2.1602255202772485, 6.549
2.19494425670598, 2.163804615737016, 6.551
2.1983833553082994, 2.167341197936395, 6.568
2.2017941761249995, 2.1708933033020616, 6.585
2.205188468086087, 2.1744294230598675, 6.585
2.2085499871322893, 2.1779869598686927, 6.603
2.2119337257435254, 2.181525136632971, 6.603
2.2152307556645967, 2.185072181181726, 6.62
2.218581997728885, 2.1886126071002088, 6.621
2.22195379731296, 2.1921231789965514, 6.6370000000000005
2.2253458203598835, 2.1956409714699903, 6.655
2.2287264066524313, 2.199129046004103, 6.655
2.232099985907301, 2.2026570021554894, 6.672
2.23547593863053, 2.206167780282398, 6.672
2.238900097979312, 2.209683569662327, 6.6899999999999995
2.242321780402512, 2.213215677881429, 6.691
2.2457585964161493, 2.216768240628763, 6.71
2.249169756161636, 2.2203363444251516, 6.732
2.252605156675037, 2.2239183672230447, 6.732
2.256000434106287, 2.227465080095545, 6.732
2.2594274704832484, 2.2310380142049704, 6.749
2.2628609747493247, 2.2345701219962915, 6.751
2.266292656627597, 2.238076440589552, 6.766
2.2697065125982894, 2.24160648138987, 6.784
2.2731004134361315, 2.245111829138542, 6.784
2.276493258814485, 2.2486371715158855, 6.801
2.2798831481836874, 2.252171248669555, 6.802
2.2832767982740583, 2.2556916463369507, 6.819
2.2866627038191845, 2.2592123357805685, 6.821
2.2900377112191137, 2.26273891627711, 6.839
2.2934139330960184, 2.266257152100079, 6.858
2.2968191774546822, 2.2697913721318552, 6.858
2.3002400328030843, 2.273265830108409, 6.878
2.303704943444802, 2.2767528719304857, 6.878
2.307146017741092, 2.2802602564339365, 6.897
2.3106013739920903, 2.28378232872185, 6.897
2.3140673975350423, 2.2873139024243128, 6.914
2.3175218993761404, 2.2908317637249564, 6.914
2.3209655999377, 2.2943887786957857, 6.931
2.3243853055092987, 2.2979566451790903, 6.931
2.327791454414229, 2.3015136891609513, 6.948
2.331172555181997, 2.3050760086791797, 6.951
2.3345326558651185, 2.3085553698452963, 6.966
2.337882891811331, 2.312086813926813, 6.983
2.341224820438984, 2.3156265454480227, 6.983
2.3446188925159492, 2.319162574467936, 6.999
2.34801642243693, 2.322682592136772, 7.001
2.3513890328524205, 2.326196955530795, 7.017
2.3547727884076433, 2.329699981150981, 7.034
2.358160432082512, 2.333215878207439, 7.034
2.361555828213037, 2.336753941250358, 7.049
2.364975524680334, 2.3402930669956676, 7.051
2.3683900892291465, 2.343838210096123, 7.065
2.3718381940093174, 2.3473727288383426, 7.082
2.3752854010048456, 2.3509099919139786, 7.082
2.378749392222718, 2.354456622464414, 7.101
2.382193677990726, 2.358021814690631, 7.101
2.3856270035901748, 2.3616098060056734, 7.119
2.389047626332489, 2.3651933346262157, 7.121
2.3924050675455844, 2.36872578669126, 7.1370000000000005
2.395800651816459, 2.3722617248097, 7.155
2.3991238943080946, 2.3757971342458886, 7.155
2.4024585363428876, 2.3793540966090556, 7.172
2.4058326772077336, 2.3828926954419027, 7.172
2.4091695074666992, 2.38642214950879, 7.19
2.412524642678968, 2.3899365716490446, 7.191
2.4158868177666637, 2.3934558741632364, 7.207
2.4192738328474186, 2.396975448805364, 7.224
2.4226467341928184, 2.4004808742500554, 7.224
2.426056064095995, 2.4039909133426836, 7.243
2.429479916070608, 2.4075242538487367, 7.243
2.4328951935596237, 2.4110502477009437, 7.259
2.4363413959592517, 2.414593152581232, 7.261
2.4397808338599285, 2.418139369687957, 7.279
2.4432114360698565, 2.4216810115814287, 7.297
2.446650558075398, 2.4252401370442747, 7.297
2.4500868644945326, 2.4287870719441838, 7.314
2.453526955532994, 2.432339051049949, 7.314
2.4569163418086304, 2.43588360154628, 7.33
2.4602587667258744, 2.439404833047721, 7.33
2.4636572593630497, 2.4429228905293794, 7.348
2.467069730165289, 2.4464489821999225, 7.367
2.4704437140139603, 2.4499961198938167, 7.367
2.4738121737159466, 2.4535171320652025, 7.384
2.4772103062757904, 2.457017157177994, 7.384
2.4805788497405072, 2.4605351875374293, 7.402
2.483954171913659, 2.4640647117558694, 7.402
2.487331774817211, 2.4675642174774968, 7.419
2.490733110531346, 2.471038634666392, 7.421
2.4941421998196347, 2.4745157421409236, 7.438
2.497595549135161, 2.4780538817120052, 7.457
2.501033742074106, 2.481585594707972, 7.457
2.504449810002308, 2.485076914065054, 7.477
2.5078925902895786, 2.4886069728283995, 7.477
2.5113046762258624, 2.492171422670678, 7.498
2.5147046883753994, 2.4957484300065533, 7.498
2.518142958025229, 2.499311269739249, 7.515
2.5215442100585466, 2.5028677201236316, 7.515
2.5248977778137243, 2.506372980424037, 7.533
2.5282724742117044, 2.509909847087928, 7.533
2.531645242700519, 2.5134552412471756, 7.551
2.535016844772117, 2.5169845630245358, 7.551
2.5383597089833208, 2.5205215473156284, 7.569
2.5417287808776776, 2.5240462205604737, 7.57
2.5451143211418445, 2.527533510080984, 7.588
2.5484964566078157, 2.531059330565366, 7.606
2.551876318415836, 2.534543348781346, 7.606
2.5552999483671464, 2.5380612953335056, 7.623
2.55871431210881, 2.541599925862522, 7.623
2.5621361850720934, 2.545120369831431, 7.641
2.565595050441413, 2.5486812375557406, 7.641
2.569043122447082, 2.5522403192635696, 7.658
2.57249124323023, 2.5558018951731456, 7.661
2.5759661525791215, 2.559371510083448, 7.68
2.5794226511587146, 2.5629169663494435, 7.697
2.5828750478748215, 2.566476058224823, 7.698
2.5862648626251517, 2.570009027394053, 7.715
2.5896175912985964, 2.5735778469570034, 7.715
2.592978606117425, 2.577120244670317, 7.734
2.5963397463923426, 2.5806820749555244, 7.734
2.599665417080166, 2.5842443094394616, 7.752
2.603020903360431, 2.5877814668170513, 7.752
2.606374520178588, 2.591295172749941, 7.772
2.609744977556489, 2.594805803404368, 7.772
2.6131257366971297, 2.5983328421174585, 7.79
2.61650217052254, 2.6018538760895615, 7.791
2.6198805046500944, 2.605385822053498, 7.809
2.6232765772808206, 2.6088750385513726, 7.827
2.6266942794133263, 2.612373602732194, 7.827
2.6301409747034037, 2.6159092942604407, 7.844
2.6335483920176666, 2.6194739030271412, 7.844
2.6368529644659526, 2.6230546127270067, 7.8629999999999995
2.6402261128878437, 2.626651634778372, 7.8629999999999995
2.643595276646015, 2.6302345530395765, 7.881
2.6469894472074103, 2.6337842267135905, 7.881
2.6503694183233297, 2.6373512568148487, 7.9
2.6537607628272384, 2.64088006948886, 7.901
2.6571169718976897, 2.6443997984140726, 7.92
2.660472446926242, 2.647915521448478, 7.938
2.663847849076406, 2.6514465771845264, 7.938
2.667198664196757, 2.654974240142868, 7.954
2.6705447977745873, 2.65851632850755, 7.954
2.6738837581867414, 2.6620447046768967, 7.9719999999999995
2.6772672774807633, 2.665583534979766, 7.973
2.680656010774151, 2.669111521641253, 7.991
2.684052981760785, 2.6726224297970953, 7.991
2.687470833213792, 2.67614580106195, 8.009
2.6907278738211784, 2.679237396456975, 8.011
2.6939969140958704, 2.681863307269188, 8.029
2.697232156622306, 2.6847358227350533, 8.05
2.700417638534434, 2.6879262163316, 8.05
2.703578536769187, 2.691136456763182, 8.068
2.706697917940766, 2.6943272354336427, 8.068
2.7098545136108743, 2.6975299157770354, 8.088
2.7130212119431922, 2.7007077813462277, 8.088
2.716181206128885, 2.7038760579600596, 8.105
2.719326582576545, 2.707005641824731, 8.105
2.722404403126191, 2.709786788555185, 8.124
2.725458257506236, 2.712205204508181, 8.124
2.7284919139027086, 2.714706050132477, 8.143
2.7314182617381477, 2.7173732713770646, 8.143
2.734286277194917, 2.720163277605802, 8.163
2.737098203930511, 2.72301072341527, 8.163
2.7399370955209434, 2.7258880888868724, 8.183
2.74277657966606, 2.728726475166752, 8.183
2.7455914043518774, 2.731566494769504, 8.202
2.74842274315386, 2.7344308784502314, 8.203
2.7512168362959684, 2.7371461207378887, 8.217
2.7537785778109978, 2.7397843558762336, 8.22
2.7562899116537105, 2.7424480303091716, 8.238
2.7587864321239364, 2.7451035799871994, 8.255
2.761312694040335, 2.7477636087894517, 8.255
2.7638269253539955, 2.7504478772242362, 8.273
2.766346690346869, 2.7531240815111517, 8.273
2.7688643518187894, 2.7558246220657754, 8.292
2.7713657839753743, 2.7585262840317517, 8.292
2.7738552498384066, 2.76122795754447, 8.31
2.776600414845398, 2.7638294516948068, 8.311
2.779286426011703, 2.766333321951072, 8.328
2.781904180947981, 2.7687516911406753, 8.346
2.7844341513489637, 2.7710590026259427, 8.346
2.7868011384742317, 2.7733356161627842, 8.364
2.7890463260991605, 2.775669941908452, 8.364
2.7912451635887834, 2.7780221657745208, 8.383
2.7934637712028305, 2.7803646472823615, 8.383
2.7956677995163024, 2.7827156728811717, 8.402
2.797884216250171, 2.7850741442602063, 8.402
2.8002579068140068, 2.7873608882846757, 8.421
2.802634495032145, 2.7895598401652495, 8.421
2.804935908710015, 2.79167368366523, 8.437
2.8070093592133967, 2.793761014141636, 8.441
2.80899474388728, 2.795871110842122, 8.457
2.810979034415425, 2.798007183865861, 8.474
2.8129597878231314, 2.800134430929716, 8.474
2.814936853143475, 2.802268561179725, 8.493
2.8169253776822694, 2.8044065437227883, 8.493
2.8189485916702535, 2.8065364070260093, 8.51
2.821059235813792, 2.8086233206277127, 8.51
2.8232028507273568, 2.810617257985687, 8.528
2.8252813666646777, 2.8125223396396555, 8.547
2.827135590487243, 2.8144165336262232, 8.547
2.8289346323897853, 2.8163437720873006, 8.566
2.830752128470492, 2.818252904149863, 8.566
2.8325525300774026, 2.820177770591903, 8.583
2.834359132648807, 2.8221117433925236, 8.583
2.83617193757475, 2.824047955065587, 8.602
2.837961861630148, 2.825990771907982, 8.602
2.839915513243307, 2.827841115671421, 8.616
2.841844532278505, 2.829595317525121, 8.621
2.8435124626798025, 2.831311300388427, 8.636
2.8451257461310226, 2.8330528980125718, 8.655
2.846741423824345, 2.8347992664154655, 8.655
2.8483373590169476, 2.836554947417026, 8.674
2.849952930742977, 2.838275433708777, 8.674
2.851575017077072, 2.8399919938733142, 8.693999999999999
2.853206028943752, 2.8416849545997405, 8.693999999999999
2.8547899989332786, 2.84341317451598, 8.714
2.8565720469770577, 2.8450770603637454, 8.714
2.8583154367421257, 2.846670465991994, 8.732
2.8599735471302568, 2.848200451172822, 8.732
2.8614181543350554, 2.8497326062720294, 8.749
2.8628630796316608, 2.851259092900874, 8.75
2.8642799502269654, 2.8527921413228032, 8.764
2.8657107082169166, 2.854324409145928, 8.782
2.86714896646148, 2.855832312657882, 8.782
2.868562881348636, 2.8573634691628023, 8.802
2.870007247892393, 2.8588697578048055, 8.802
2.8715636385221965, 2.8603168445735987, 8.82
2.873100997022431, 2.8616910585576787, 8.821
2.874416407497079, 2.863067042985603, 8.839
2.8756962570738107, 2.864466979379147, 8.858
2.8769472734402552, 2.8658683721180944, 8.858
2.8782303420292346, 2.8672528434685516, 8.877
2.8795058167794694, 2.868651390930753, 8.877
2.8807608182041746, 2.870066604337225, 8.897
2.8820257804831284, 2.871482997675719, 8.897
2.8832865393816167, 2.8729107470972437, 8.914
2.884642005378279, 2.874257307595537, 8.914
2.8858099578951313, 2.8755258611319405, 8.929
2.886938780514979, 2.8767933168268485, 8.93
2.8880980407917547, 2.8780494138186272, 8.95
2.889228751799662, 2.8793043708076635, 8.968
2.890399049928378, 2.880552332209098, 8.968
2.8915657134457526, 2.881806190551142, 8.987
2.892730767119356, 2.883054345508588, 8.987
2.8938948375806843, 2.88431649025708, 9.007
2.8950552750857845, 2.885587339287252, 9.007
2.8964264746502577, 2.886837433375671, 9.025
2.8977382043977364, 2.8880170041258815, 9.025
2.898806296787567, 2.889175920088567, 9.044
2.8998509949703815, 2.8903224131868988, 9.044
2.9008991004867477, 2.891472829188204, 9.061
2.9019605714801946, 2.892624061324411, 9.062
2.9030093492665316, 2.893771149937571, 9.08
2.904079171972296, 2.8949120027068864, 9.08
2.9051395855109394, 2.896046697380471, 9.098
2.9061879536881507, 2.897180155523352, 9.115
2.907362838749683, 2.898263698702479, 9.115
2.9085217915892225, 2.8992321902349416, 9.135
2.9094982858621514, 2.900181876021114, 9.135
2.9104344096117942, 2.9011730059970895, 9.152
2.911361884007905, 2.9021556000030793, 9.152
2.9123062806371856, 2.9031298103951313, 9.171
2.9132358135877876, 2.9041217856111015, 9.171
2.9141498417189173, 2.905117785271134, 9.187
2.915083090692254, 2.906108183035416, 9.19
2.9160107361024767, 2.9070952880672656, 9.209
2.9170395055758833, 2.9079932158896575, 9.227
2.9179023764063605, 2.9088310258500742, 9.227
2.9187213706247377, 2.9097371466233946, 9.247
2.9195436165159285, 2.9106423513990465, 9.247
2.9203589082935055, 2.9115411095020054, 9.264
2.9211810157964315, 2.912436017154202, 9.264
2.921974241310645, 2.913348435661287, 9.283
2.9227591597739995, 2.9142686703886374, 9.283
2.9235543544316767, 2.9151858910906983, 9.301
2.9243556464034994, 2.9161089785796537, 9.301
2.925316388133223, 2.9169607893611285, 9.319
2.926075067139524, 2.9177771756379185, 9.32
2.9267855752983225, 2.918612708227168, 9.336
2.9275284647872843, 2.91942984931294, 9.354
2.928255929152247, 2.920257473964463, 9.354
2.929007784447707, 2.921083278487659, 9.373
2.9297650380947355, 2.921875929073021, 9.373
2.930497796910786, 2.922702500987652, 9.39
2.9312379955064203, 2.923517216357082, 9.391
2.931960524902482, 2.9243395274297908, 9.406
2.9328381915271917, 2.925123572289727, 9.423
2.9335081477723635, 2.9258628179751245, 9.423
2.9341449319491932, 2.926604506247577, 9.442
2.9347798025883858, 2.927336688275703, 9.442
2.9354319889305036, 2.9280780473960655, 9.457
2.936099194971017, 2.928782060928191, 9.46
2.936754820445753, 2.929513938182412, 9.478
2.9373838142136135, 2.930256469274888, 9.495
2.9380093489162253, 2.931000340939206, 9.495
2.9386217260580842, 2.9317470743448486, 9.514
2.939202915736562, 2.932428111289542, 9.514
2.939744096781118, 2.933101825817632, 9.532
2.940296435652049, 2.933782399377085, 9.532
2.940858600778686, 2.934456057103547, 9.549
2.941434892881787, 2.9351293388672923, 9.551
2.9420039578292543, 2.935794487112586, 9.568999999999999
2.9425636978983376, 2.936467135873087, 9.587
2.9431216177201494, 2.937150289103047, 9.588
2.943690920613374, 2.9378220241779633, 9.606
2.944238495572473, 2.938505454701154, 9.606
2.944757930381147, 2.9391348268410025, 9.623
2.9452710679506913, 2.9397536293488002, 9.623
2.9457537227889308, 2.9403786953434423, 9.643
2.9462585280533027, 2.9409928647707315, 9.643
2.9467818827941934, 2.9416083337181007, 9.659
2.9473003184267794, 2.9422156984233543, 9.661
2.9478388942580276, 2.942819372486851, 9.677
2.948382486784628, 2.9434354987213203, 9.695
2.9489125414413313, 2.9440460457849538, 9.695
2.9494306377228043, 2.944663698160364, 9.712
2.9499052538535415, 2.9452200145874987, 9.712
2.950372116128527, 2.9457681869975736, 9.728
2.950847242411387, 2.9463013208476596, 9.731
2.951324623874555, 2.946848003008297, 9.746
2.951797663832793, 2.947394993780982, 9.765
2.9522973555017322, 2.9479254084872397, 9.766
2.952797758684348, 2.948431065492577, 9.785
2.953307089245523, 2.9489458985456634, 9.785
2.9538096677218473, 2.949500306165226, 9.803
2.9543100135705305, 2.9500389289156876, 9.803
2.9547731999481703, 2.9505362223955682, 9.818999999999999
2.9552195996897943, 2.951038224408435, 9.821
2.955677585836646, 2.9515385337051896, 9.839
2.956140242191974, 2.952041375244442, 9.856
2.95660083643543, 2.9525433831543357, 9.856
2.9570423227105573, 2.9530458389919043, 9.876
2.957483721524699, 2.9535487611977853, 9.876
2.957939790871876, 2.9540411581799595, 9.895
2.9584012607709758, 2.954511596822374, 9.895
2.9588605177971736, 2.954989193123449, 9.911
2.959258640024369, 2.9554343573257964, 9.911
2.9596214015890205, 2.9558801444548344, 9.929
2.959979041739125, 2.956327038435624, 9.93
2.96034508831636, 2.95677212253665, 9.947
2.9607120108554383, 2.957217339775691, 9.967
2.961084499233209, 2.9576644675190495, 9.967
2.961458283456466, 2.958107910822672, 9.985
2.9618515800357432, 2.958549950033406, 9.985
2.9622523670315952, 2.958998027638019, 10.003
2.962613653466857, 2.959441941245239, 10.003
2.96294157413168, 2.9598537592793903, 10.021
2.963273307552, 2.9602538249692514, 10.021
2.9636109355853595, 2.9606526014049943, 10.038
2.9639412410709136, 2.9610486568638006, 10.041
2.9642676778311388, 2.9614543880161697, 10.056
2.964597476200577, 2.961855425783645, 10.073
2.96494439294088, 2.9622385155637554, 10.073
2.9653103593245125, 2.962630035372551, 10.092
2.9656835123811875, 2.963014272077109, 10.092
2.966045494664801, 2.963402164198115, 10.111
2.966375017798471, 2.9637353648755473, 10.111
2.966705794522005, 2.9640699946107283, 10.131
2.967040466193932, 2.964403042497845, 10.131
2.9673623578500403, 2.9647504878581428, 10.151
2.967692684746724, 2.9650697808534447, 10.151
2.9680283607932867, 2.9653861444277205, 10.169
2.9683577466560904, 2.9657007153610695, 10.171
2.968699316410185, 2.96599763304651, 10.187
2.9690312286985714, 2.966306469702137, 10.204
2.9693516334387904, 2.9666361339833967, 10.204
2.9696594316955713, 2.9669412122090533, 10.222
2.9699605238603026, 2.967231169670815, 10.222
2.970263316490936, 2.967529442200042, 10.242
2.970566462647388, 2.967815641216468, 10.242
2.9708704885100525, 2.968114549937897, 10.26
2.9711735181599366, 2.968405769886475, 10.26
2.971471451191591, 2.9687018693060048, 10.28
2.971768650022557, 2.969001655161007, 10.298
2.9720726323603666, 2.969287193023455, 10.298
2.97237452871685, 2.96958006650585, 10.316
2.9726485899685056, 2.9698376143220466, 10.316
2.9729223837868832, 2.9701023418811845, 10.336
2.9732009844537575, 2.9703521794466634, 10.336
2.9734824782984934, 2.970577586170522, 10.353
2.9737478989363164, 2.9708278617903217, 10.353
2.9740226578646354, 2.9710763688255533, 10.373
2.974290833330175, 2.971335183532887, 10.373
2.974559161466215, 2.971587279630885, 10.389
2.974838871494448, 2.9718107313767503, 10.391
2.9751063914765346, 2.972054030954587, 10.406
2.975344699598361, 2.9723078128747766, 10.426
2.9755815335218774, 2.972541097688623, 10.426
2.9758203929077873, 2.9727692676751105, 10.444
2.9760505153790686, 2.9729913223273137, 10.444
2.9762893646422057, 2.9732217425776004, 10.462
2.9765374862159426, 2.9734355367378056, 10.462
2.9767776497908374, 2.97366915117174, 10.481
2.9770147924030135, 2.9738992794940056, 10.482
2.9772639765223907, 2.974105882155045, 10.5
2.977505090678087, 2.9743414429413657, 10.501
2.977726920212128, 2.9745641369945925, 10.518
2.9779374133361385, 2.9747899985787094, 10.537
2.9781566199550458, 2.9750097610816235, 10.537
2.978374615502728, 2.975229516952907, 10.555
2.9785895297133953, 2.9754470130802266, 10.555
2.9788067885107266, 2.9756622458921527, 10.574
2.9790161340482704, 2.975885400370624, 10.574
2.9792250298785614, 2.976100183204664, 10.59
2.979429931520811, 2.9763131527967586, 10.591
2.9796477995603, 2.9765366762253676, 10.608
2.979839848247476, 2.976736466472478, 10.625
2.9800353884727895, 2.976931827790019, 10.625
2.9802311280223064, 2.9771265524475727, 10.645
2.9804234462869927, 2.977316919667562, 10.645
2.9806212016955986, 2.977517077037808, 10.66
2.9808152985010423, 2.9777155895714618, 10.661
2.981004357362818, 2.9779121993962008, 10.68
2.9811994173815624, 2.9781112078100533, 10.699
2.9814038068646953, 2.9783026910665136, 10.699
2.981597992893636, 2.978501751684243, 10.717
2.9817651068531035, 2.9786964040089976, 10.717
2.9819391135133215, 2.978873803678231, 10.735
2.9821115057987075, 2.9790499952527494, 10.735
2.982287681100253, 2.979227646712228, 10.754
2.982448892892483, 2.9794255349431893, 10.754
2.9825938771349003, 2.9796197135006555, 10.772
2.9827566995168735, 2.9798252913232175, 10.772
2.9829309440844156, 2.9800293924819754, 10.791
2.9831050783049107, 2.9802330936402415, 10.792
2.98328130871559, 2.98043837403701, 10.81
2.9834402289668067, 2.9806251683834057, 10.81
2.983599521353573, 2.980813089418224, 10.829
2.9837568760852564, 2.9809999657833854, 10.847
2.9839151692841734, 2.9811857395812744, 10.847
2.9840716134954053, 2.98137383783911, 10.863
2.9842289567068514, 2.9815571914412207, 10.863
2.9843877997223247, 2.981741910603298, 10.882
2.984545747230823, 2.981927761549013, 10.882
2.9847048779313385, 2.9821132104801555, 10.9
2.9848626550105903, 2.9823008479140425, 10.901
2.9850065152054226, 2.9824702613998593, 10.919
2.9851499678574553, 2.9826403793672984, 10.938
2.985294586187128, 2.9828083626474937, 10.938
2.985434770268891, 2.9829587675871334, 10.954
2.985576197147704, 2.9830939233717007, 10.955
2.9857194833416334, 2.983234417754289, 10.972
2.9858583119359436, 2.9833723584389618, 10.972
2.985999630825973, 2.983510349040464, 10.988
2.9861510870007537, 2.983648180562456, 10.99
2.9862878553813563, 2.9838134817268944, 11.008
2.9864140272458997, 2.9839649073580583, 11.025
2.986542243052289, 2.984116104807941, 11.025
2.9866703898835465, 2.9842676784808315, 11.043
2.986791504044975, 2.9844049599117604, 11.043
2.9869128597708814, 2.9845347324679685, 11.062
2.987017174270924, 2.984674892828186, 11.062
2.9871122836803083, 2.984825113943793, 11.079
2.9872068771777354, 2.984974659227937, 11.08
2.987290491479746, 2.9851235338877107, 11.099
2.987394601263998, 2.9852731160180586, 11.118
2.987510377035798, 2.985404271426763, 11.118
2.9876270337431787, 2.985541069657933, 11.136
2.9877433198295, 2.9856779389495447, 11.136
2.9878594498553346, 2.985814717526806, 11.152
2.9879770410607844, 2.985951496215398, 11.152
2.9880937076257, 2.986088913223962, 11.172
2.9882098666761934, 2.9862254268237938, 11.172
2.988325903904969, 2.986362205234247, 11.189
2.988440892966892, 2.9864981869789533, 11.191
2.988557391724918, 2.986635307958312, 11.208
2.988661785299431, 2.986758494752199, 11.226
2.9887654525483027, 2.986882292484248, 11.226
2.988871595457845, 2.9870058685014143, 11.243
2.988976105902482, 2.98712878317479, 11.243
2.989081003462872, 2.987252010224393, 11.261
2.989185816838657, 2.987375145735469, 11.261
2.9892905692116747, 2.9874982115362494, 11.278
2.989396947615239, 2.98762140822098, 11.28
2.98950128685097, 2.987744936183725, 11.299
2.9896062309990574, 2.987867589521812, 11.315
2.989700545324782, 2.9879788039858206, 11.315
2.9897945499943015, 2.9880895087384727, 11.332
2.9898883077884553, 2.9882001691084574, 11.332
2.9899803602727677, 2.988311324213601, 11.350999999999999
2.990073316326717, 2.9884225529092454, 11.350999999999999
2.990168359574504, 2.988534097359953, 11.368
2.990262652913814, 2.9886450320393445, 11.371
2.990357185428234, 2.988755945905736, 11.388
2.9904506347061455, 2.9888464186823405, 11.408
2.990540735301293, 2.988924145189528, 11.408
2.9906218275731264, 2.9890224604490014, 11.425
2.990707894023911, 2.989124741731365, 11.425
2.9907922126929893, 2.9892103634948173, 11.443
2.9908757258710197, 2.989276299525606, 11.443
2.9909594317655572, 2.989344354818185, 11.461
2.991042070106038, 2.989431646078288, 11.461
2.9911252699403352, 2.98953217509978, 11.481
2.9912107063647126, 2.9896329120856806, 11.481
2.9912962282268585, 2.9897335690514857, 11.498
2.9913831528284875, 2.989834520964846, 11.5
2.9914607330491303, 2.9899268414801834, 11.518
2.9915384037609156, 2.990018928040927, 11.535
2.9916156528265527, 2.990109953749265, 11.536
2.991693977705195, 2.9902013367793736, 11.553
2.9917695020760187, 2.9902803789738535, 11.553
2.9918418942200176, 2.990346990976853, 11.571
2.9919159006014873, 2.9904374361145933, 11.571
2.9919916663173964, 2.9905277403439703, 11.59
2.9920681641169566, 2.9906188134564613, 11.591
2.992144324993094, 2.9907098198882087, 11.608
2.9922141079121265, 2.990792783299386, 11.622
2.9922830255844177, 2.990875516944613, 11.623
2.9923518139319754, 2.990957925083256, 11.638
2.99242053506471, 2.991040284937558, 11.64
2.9924895553996462, 2.9911230436850857, 11.657
2.992557578147936, 2.9912060674210985, 11.674
2.992623006294534, 2.9912895831416724, 11.674
2.9926895561093, 2.9913727918446513, 11.693999999999999
2.9927596900599656, 2.9914557141467437, 11.693999999999999
2.9928276837955363, 2.991538622685711, 11.711
2.9928907767961186, 2.991613716150695, 11.711
2.992952158233674, 2.9916882507309985, 11.73
2.993014847818526, 2.991762954118201, 11.749
2.9930773394535692, 2.9918374864161885, 11.75
2.993138974539677, 2.9919120682448552, 11.767
2.9932015179441924, 2.991986276254943, 11.767
2.9932639372758967, 2.9920603136950943, 11.785
2.9933264253948284, 2.9921339773571223, 11.785
2.9933898307874656, 2.9922075668713206, 11.802
2.9934515958782257, 2.9922827319834235, 11.802
2.9935076801179488, 2.992345050269098, 11.818999999999999
2.9935617547871094, 2.992381658137834, 11.82
2.993610952286963, 2.9924203619111878, 11.837
2.993664641956243, 2.9924463525463727, 11.854
2.9937151504339283, 2.992454728395247, 11.854
2.9937664679865015, 2.992462671593921, 11.871
2.993819995259606, 2.9924707041998277, 11.871
2.993868407812134, 2.9924776733451846, 11.888
2.9939147158548813, 2.992526283267629, 11.89
2.9939295616931436, 2.9925956546043473, 11.908
2.99393923834336, 2.992652047062949, 11.925
2.9939478447883863, 2.9927093260530278, 11.925
2.9939851281610648, 2.992763653110625, 11.942
2.9940227840319587, 2.9928227663536924, 11.942
2.9940722554580437, 2.9928851087225317, 11.959
2.994123298425935, 2.9929493993787224, 11.961
2.9941695980665983, 2.993013919841864, 11.977
2.9942192698849643, 2.993077478597802, 11.994
2.99427053526779, 2.993140835083115, 11.994
2.9943219978922055, 2.9932050056929564, 12.012
2.99436982543079, 2.993262018252103, 12.012
2.9944187710306522, 2.9933206157528844, 12.03
2.994466311489235, 2.993378043825214, 12.03
2.994515762111791, 2.993436196661223, 12.049
2.9945610413551083, 2.9934943031403267, 12.067
2.994606615407295, 2.993553212822265, 12.067
2.994644511685291, 2.9935901218004286, 12.083
2.99468749201883, 2.9936486420150406, 12.083
2.99471412229115, 2.993706719127615, 12.101
2.9947212824654588, 2.993759771620883, 12.101
2.9947295135396215, 2.993805767875033, 12.117
2.9947371594239933, 2.9938487939035094, 12.12
2.9947745235791903, 2.99388984834076, 12.137
2.9947878245516084, 2.9939351727751657, 12.156
2.9947950692409697, 2.993981390266465, 12.156
2.9948035894166782, 2.994026309813403, 12.173
2.9948111981931764, 2.994072426634858, 12.173
2.9948183273378444, 2.9941179650559078, 12.189
2.9948266709971807, 2.9941624937042794, 12.19
2.9948341089294277, 2.994208144743174, 12.209
2.9948411534862247, 2.99424888973935, 12.224
2.9948498501438037, 2.994289437943374, 12.225
2.9948507541672127, 2.994334686926873, 12.242
2.994863768025592, 2.9943746469772887, 12.242
2.994878850833346, 2.994408298229886, 12.26
2.9948863393415706, 2.994446930186319, 12.26
2.994893543545081, 2.994486987776618, 12.278
2.9949020182151167, 2.9945258503311103, 12.296
2.994909831439582, 2.994562840773952, 12.297
2.9949451900769652, 2.994602768850396, 12.313
2.9949567747450336, 2.9946422000458948, 12.313
2.9949638584789913, 2.9946779042362337, 12.331
2.994972107386077, 2.9947130398030457, 12.331
2.9949795391074274, 2.9947494345687034, 12.349
2.994986584758229, 2.9947856614681587, 12.350999999999999
2.994994990190722, 2.9948217224652782, 12.367
2.9950026177506333, 2.994859185720121, 12.385
2.995002435012205, 2.9948981859045807, 12.385
2.995010761111845, 2.9949320268400075, 12.403
2.9950123554490795, 2.9949722217179406, 12.403
2.9950168033023576, 2.9950105799254896, 12.419
2.9950261098669464, 2.9950419374582387, 12.421
2.995033337972642, 2.9950745223710045, 12.438
2.995040102676947, 2.9951068145563196, 12.454
2.9950476947302875, 2.995138164168821, 12.454
2.995055079677372, 2.995176772026224, 12.471
2.9950620899491027, 2.9952078516476766, 12.471
2.9950702708357766, 2.9952387493182018, 12.488
2.995077603083018, 2.995270828504087, 12.49
2.9950844564087395, 2.995302441228453, 12.505
2.995092468631817, 2.9953293366950855, 12.522
2.9950996180119343, 2.9953567181408003, 12.522
2.995106823189982, 2.995385907462015, 12.541
2.995107779774876, 2.995417689599807, 12.541
2.995115292318442, 2.9954495337583293, 12.557
2.9951225324241055, 2.9954780186541283, 12.56
2.995130901068719, 2.995505946625955, 12.577
2.9951384679075375, 2.9955350854152174, 12.594
2.995145592016343, 2.99556388768801, 12.594
2.9951538525139583, 2.9955918929384895, 12.611
2.995161305686432, 2.9956180779063337, 12.611
2.9951682934169894, 2.99564348957742, 12.63
2.9951763965752805, 2.9956682023666437, 12.631
2.9951837386669498, 2.9956940928699596, 12.649000000000001
2.9951906324509148, 2.995719509785457, 12.666
2.9951986315747554, 2.995744190350082, 12.666
2.99520588124725, 2.9957700559654814, 12.682
2.9952126802610577, 2.9957954067161863, 12.682
2.995220577221972, 2.995820058244485, 12.697
2.9952279458985505, 2.9958459794129872, 12.7
2.9952342863726975, 2.995874432665067, 12.718
2.9952340123863745, 2.995902077028621, 12.735
2.9952460773749374, 2.9959205228307515, 12.735
2.9952603465148044, 2.9959410011453094, 12.752
2.995263532571647, 2.9959560994564725, 12.752
2.995272017970158, 2.9959787069142796, 12.769
2.995273122329692, 2.9959934677593156, 12.771
2.9952673050341816, 2.996022091225516, 12.787
2.9952740385653063, 2.996043965753842, 12.804
2.995267703263383, 2.99607249752703, 12.804
2.995275477500891, 2.9960945832190418, 12.82
2.995269846567982, 2.9961185656601503, 12.821
2.9952772853856633, 2.996139123591061, 12.838
2.9952777416557885, 2.996164462556203, 12.852
2.995280186347648, 2.996189200327689, 12.852
2.995290554539303, 2.9962025770405036, 12.869
2.995308387230359, 2.9962157108838343, 12.871
2.995318728193076, 2.996228937310924, 12.887
2.995326835886222, 2.9962389214566003, 12.904
2.9953494215204843, 2.996259821779687, 12.904
2.9953556589834176, 2.9962868882983567, 12.921
2.995363016290143, 2.9963105819421045, 12.922
2.995362136908366, 2.9963371415703746, 12.938
2.995370730661848, 2.9963558728680257, 12.94
2.9953788628086424, 2.996372248897661, 12.959
2.9953806702001256, 2.996394303056643, 12.979
2.995379731074221, 2.9964209525823153, 12.979
2.9953891080327266, 2.9964386080793153, 12.995
2.995396394486208, 2.996455847543133, 12.995
2.9953955939078, 2.9964815762314756, 13.011
2.995399006664849, 2.9965017661784583, 13.012
2.9954006482928612, 2.996520786155018, 13.028
2.995399784713649, 2.9965464219010136, 13.03
2.99539632502592, 2.9965693113194627, 13.046
2.9954040450096704, 2.996588188597844, 13.064
2.9954127254178275, 2.9966018157026277, 13.064
2.9954174127464452, 2.9966186946151647, 13.082
2.995415887531713, 2.9966459680766833, 13.083
2.995407565767132, 2.996669085672353, 13.1
2.9954050580881812, 2.996695160390681, 13.101
2.9954141684220086, 2.9967113357331296, 13.117
2.9954103714920763, 2.9967342435465953, 13.136
2.9954081067789415, 2.9967601004568603, 13.136
2.9954145145450375, 2.996777198842825, 13.155
2.9954114515370573, 2.9968013044088577, 13.155
2.9954102322810554, 2.9968211454542417, 13.172
2.9954088814488213, 2.996826508683887, 13.172
2.995406557055687, 2.996843453570208, 13.189
2.9953886719331053, 2.9968668701279078, 13.19
2.995372099226812, 2.9968919918311907, 13.208
2.9953469247082642, 2.9969167499329425, 13.225
2.9953281283535778, 2.9969408551545826, 13.225
2.9953024268839563, 2.996968425632444, 13.243
2.99530795732199, 2.9969862396067564, 13.243
2.995303105802232, 2.9970131842050307, 13.261
2.995292221808858, 2.9970279869352003, 13.261
2.9952710216935157, 2.9970544231365888, 13.278
2.9952660147523673, 2.99707082802602, 13.281
2.99524651844943, 2.9970957688475006, 13.297
2.9952210715758616, 2.9971236718321, 13.314
2.995206777394096, 2.9971440191620156, 13.314
2.995187969123698, 2.9971671566358724, 13.331
2.995172246169373, 2.9971903794494668, 13.331
2.995165724648166, 2.997202977375006, 13.349
2.995142133429468, 2.9972304911041197, 13.35
2.995120005357322, 2.9972567631547564, 13.368
2.995110319418688, 2.9972753727530965, 13.387
2.995115787058717, 2.997289749282314, 13.387
2.9951144492451918, 2.997310635512955, 13.403
2.995118974846339, 2.997322021573165, 13.403
2.9951179360952684, 2.9973443359701113, 13.418
2.995127143535783, 2.997350537564588, 13.421
2.9951348493793066, 2.9973530105775117, 13.435
2.995141889388326, 2.9973579789616007, 13.451
2.9951484574662723, 2.997362333711544, 13.451
2.995156257317775, 2.99736669405649, 13.462
2.99515909960811, 2.997383013252349, 13.47
2.9951608004251353, 2.997401542620274, 13.488
2.9951737615024467, 2.9974095177102873, 13.505
2.995184567509183, 2.997416556696504, 13.505
2.9951863136837202, 2.9974291365417147, 13.521
2.9951844970974326, 2.9974515245807676, 13.521
2.995192613625154, 2.997458999210038, 13.537
2.9951927622241157, 2.997468504639881, 13.541
2.9951932210438925, 2.997482461077353, 13.556000000000001
2.9952036460060105, 2.997491450632484, 13.574
2.9952120293343807, 2.9975059128652712, 13.574
2.9952181430884526, 2.9975191259534375, 13.59
2.9952234717648305, 2.9975312142956616, 13.591
2.995217744268392, 2.9975550672946425, 13.605
2.9952209421255684, 2.9975655998288673, 13.623
2.9952101462015572, 2.997587318148558, 13.623
2.9952051891886975, 2.9976067017534493, 13.638
2.995196849211127, 2.9976179630729813, 13.641
2.9951866473340965, 2.9976345959170563, 13.655
2.9951872088823177, 2.997640959170832, 13.672
2.9951992745692273, 2.9976432806872904, 13.672
2.995208122475328, 2.9976454751117836, 13.688
2.99520889799999, 2.997656207435042, 13.691
2.9952066528542933, 2.997668087941751, 13.706
2.9952100250493063, 2.9976776791996276, 13.723
2.9952108136217306, 2.9976843470860133, 13.723
2.995214471258168, 2.997694058734013, 13.741
2.9952144092836783, 2.9976991971694518, 13.741
2.9952173128578403, 2.997706683545162, 13.76
2.995218468527217, 2.9977103843834096, 13.761
2.995219962980201, 2.9977104793317464, 13.778
2.995222071112541, 2.997710740708627, 13.795
2.995224174666407, 2.9977116062153786, 13.795
2.995225033747372, 2.9977144627325827, 13.813
2.9952257787250316, 2.9977146654580062, 13.813
2.9952271485258666, 2.997714733347011, 13.83
2.995234929003045, 2.9977179980058133, 13.831
2.9952322369384334, 2.99772286666016, 13.846
2.9952311664150284, 2.99773881509245, 13.863
2.995231741226923, 2.997742146027161, 13.863
2.995231096676198, 2.9977463038439023, 13.873
2.9952319009182253, 2.997748696440558, 13.881
2.995232835956025, 2.997751319584613, 13.89
2.995233731467216, 2.997754326044523, 13.901
2.9952342937734504, 2.9977551670475244, 13.911
2.9952348758985776, 2.9977558172004075, 13.921
2.995235172202573, 2.997756754908764, 13.931000000000001
2.995235455847822, 2.997757439659092, 13.941
2.9952355987271453, 2.9977583969224173, 13.951
2.9952357721675726, 2.9977590918987986, 13.96
2.99523589267934, 2.997760041206727, 13.971
2.995236042943147, 2.997760728463898, 13.98
2.99523743796986, 2.99776577191356, 13.991
2.9952381098172935, 2.997774606142864, 14.001
2.995238622302637, 2.9977794762687866, 14.011
2.9952412588352977, 2.9977826006154045, 14.02
2.995241218284046, 2.9977859489974934, 14.03
2.9952425014484776, 2.997788004087823, 14.041
2.995243444313123, 2.997788333635075, 14.058
2.9952450275403275, 2.9977889934864073, 14.076
2.9952457477631285, 2.9977896299664093, 14.076
2.9952514600172058, 2.9977922226954417, 14.095
2.9952611703901963, 2.997796563389708, 14.095
2.9952677137832864, 2.9978029612057675, 14.112
2.9952685461738784, 2.9978105760135794, 14.112
2.995268629202794, 2.9978109333243816, 14.131
2.995268753484684, 2.9978116193872126, 14.131
2.995268753465153, 2.9978122058921572, 14.149
2.9952688554128333, 2.9978129221972276, 14.15
2.99526882053984, 2.9978134853640905, 14.169
2.99526891181782, 2.9978141581618822, 14.188
2.9952688455623178, 2.9978146847469533, 14.188
2.995268927329054, 2.997815307563438, 14.206
2.995268830553459, 2.997815794301086, 14.206
2.995268903133522, 2.9978163196204766, 14.223
2.9952687768956903, 2.997816728336865, 14.223
2.9952688400755103, 2.997817189707626, 14.238
2.995268685528731, 2.9978175507651983, 14.24
2.995268738143087, 2.997817953669401, 14.259
2.995268557058522, 2.9978182699151383, 14.276
2.9952766191609568, 2.9978208431884217, 14.276
2.995278431181825, 2.997829102670697, 14.293
2.995280731804714, 2.9978325560584094, 14.293
2.995280921855771, 2.997832971218664, 14.313
2.995281066967059, 2.9978335708755135, 14.313
2.9952812081060505, 2.9978341188673854, 14.33
2.9952813273716323, 2.997834705902698, 14.331
2.9952814474364806, 2.997835200314636, 14.349
2.9952815473280032, 2.9978357461596197, 14.366
2.9952816530945414, 2.997836176606214, 14.367
2.9952817376601666, 2.997836679468037, 14.386
2.9952818335905, 2.9978370560826466, 14.386
2.9952819010500797, 2.9978375374689397, 14.404
2.9952819767172123, 2.997837899680531, 14.405
2.9952820244275986, 2.997838351363756, 14.422
2.9952820799190474, 2.9978386890395616, 14.422
2.995282108085162, 2.9978391032902874, 14.442
2.995282143658444, 2.997839413713067, 14.442
2.9952821525631634, 2.9978397876192804, 14.458
2.9952821686658453, 2.9978400692547043, 14.461
2.9952821586245073, 2.9978403997676453, 14.477
2.9952821556637406, 2.9978406512219995, 14.495
2.9952821271361496, 2.997840937435412, 14.495
2.9952821057247867, 2.9978411594898082, 14.512
2.9952820588996167, 2.9978414077855704, 14.512
2.9952820200751895, 2.9978416078869605, 14.529
2.9952819553023797, 2.997841822615691, 14.531
2.995288303272776, 2.997843621388454, 14.547
2.9952882385977944, 2.9978557628208553, 14.566
2.9952863280755846, 2.997868708850997, 14.566
2.9952899985534875, 2.9978772357818557, 14.584
2.9952934935816042, 2.997882748610424, 14.584
2.9952796377402846, 2.9978981321005724, 14.6
2.9952763990893825, 2.9979072134183573, 14.600999999999999
2.995266013288944, 2.997921951251561, 14.618
2.9952469622354356, 2.997943282375695, 14.637
2.995236116683603, 2.9979583374038405, 14.637
2.995226198442744, 2.9979732483376043, 14.655
2.995206403163221, 2.9979945507218906, 14.656
2.9951950044950424, 2.9980089556476273, 14.673
2.9951852757057926, 2.99802331862586, 14.673
2.995165814292023, 2.99804458853755, 14.693
2.995154571492734, 2.9980590177783633, 14.693
2.9951448992773786, 2.9980730895731242, 14.71
2.9951342192450086, 2.9980854136585036, 14.71
2.995127721064058, 2.998100876116118, 14.729
2.995122729072789, 2.998118775762019, 14.746
2.995115378550768, 2.9981362761075747, 14.746
2.995115503018954, 2.9981370917647103, 14.763
2.9951155831781917, 2.998137736164264, 14.763
2.9951156328993775, 2.9981385232214315, 14.78
2.9951156788674935, 2.9981389804195953, 14.781
2.9951157049628963, 2.9981394395651635, 14.798
2.9951157326365823, 2.9981397037594766, 14.815
2.9951157995084383, 2.9981398123907286, 14.815
2.9951160174983626, 2.9981399048745234, 14.832
2.9951162166140515, 2.9981399989254074, 14.832
2.9951165422271293, 2.998140087378139, 14.850999999999999
2.9951167579353104, 2.998140177564288, 14.850999999999999
2.9951170874196227, 2.998140267956116, 14.869
2.9951172861548145, 2.9981403572605774, 14.871
2.995117604576864, 2.998140449179699, 14.886
2.995117796570001, 2.9981405375813055, 14.902
2.995118131641712, 2.9981406264244552, 14.903
2.995118338361367, 2.998140713197927, 14.92
2.9951187225430753, 2.9981407979070593, 14.92
2.995118972795776, 2.9981408822023963, 14.938
2.9951194483133285, 2.9981409615350225, 14.958
2.995124111463493, 2.998142530033198, 14.958
2.995127013550162, 2.998144620744903, 14.975999999999999
2.9951274389234066, 2.9981446632484796, 14.975999999999999
2.9951277911644025, 2.9981447169862134, 14.995
2.9951280196170846, 2.998144764468599, 14.995
2.995128269538614, 2.998144839161286, 15.013
2.9951292352860874, 2.99815040679163, 15.013
2.9951305156766037, 2.9981561825453453, 15.032
2.995132319750155, 2.99816381873969, 15.032
2.995133165785861, 2.9981656558219067, 15.05
2.995133953703615, 2.9981660379182613, 15.05
2.9951346450480103, 2.9981663771060303, 15.069
2.9951356626964065, 2.9981665280900627, 15.086
2.995136368165852, 2.998166620549185, 15.086
2.995137282665579, 2.9981666977945802, 15.103
2.9951378472650982, 2.998166777384195, 15.104
2.995138484039511, 2.998166858385738, 15.121
2.9951388329353374, 2.9981669371340423, 15.121
2.9951392050873906, 2.9981670254610036, 15.14
2.9951393797741255, 2.9981671190074546, 15.141
2.9951394924556416, 2.998167240062338, 15.157
2.9951395437759283, 2.998167358085985, 15.176
2.995141130519955, 2.9981674537665013, 15.176
2.9951487093066165, 2.998169956540112, 15.193
2.9951564651619487, 2.99817205696019, 15.193
2.9951627876779163, 2.9981754841586308, 15.209
2.9951660025635567, 2.998182423875316, 15.21
2.995169794672217, 2.9981901107134963, 15.226
2.9951696597128343, 2.99820253324877, 15.243
2.9951769400589163, 2.998200657600785, 15.243
2.995185788842637, 2.9982014950628995, 15.261
2.995184697882346, 2.9982054466322117, 15.262
2.9951776834487975, 2.9982176986574043, 15.278
2.9951785177344417, 2.998220432509555, 15.28
2.995176406743751, 2.9982248339851325, 15.298
2.9951712925576954, 2.9982385661566253, 15.314
2.995161433571394, 2.9982496866035366, 15.315
2.995152360910671, 2.998261198418293, 15.333
2.995142797534207, 2.9982725293646535, 15.333
2.9951326388292534, 2.998286015647117, 15.353
2.9951222757888827, 2.9983049693497215, 15.353
2.995115962638867, 2.9983134358179226, 15.371
2.995104573299303, 2.9983287591825603, 15.371
2.995093276037057, 2.9983412549452497, 15.389
2.9950794590926653, 2.998357245178267, 15.39
2.9950662138367936, 2.9983731187152394, 15.406
2.995054949966432, 2.9983861348695258, 15.423
2.995045454951211, 2.9983984086031246, 15.423
2.9950354229039555, 2.9984100135679768, 15.441
2.995024240344531, 2.998422677799347, 15.441
2.995012172405124, 2.9984375815993425, 15.46
2.995000968467853, 2.998452249450334, 15.461
2.994988972097219, 2.998464402543328, 15.477
2.9949765435781712, 2.998478974076539, 15.497
2.9949640816422884, 2.9984937673046357, 15.497
2.994953476449916, 2.9985061561904307, 15.515
2.9949445694317833, 2.998517271819612, 15.516
2.9949352008509833, 2.998528012092962, 15.534
2.994924601080929, 2.9985399424263215, 15.534
2.99491341130389, 2.998553955073402, 15.551
2.9949027012542193, 2.998567905290817, 15.551
2.994891648916744, 2.998579169283071, 15.57
2.9948799267130948, 2.998593001494522, 15.571
2.9948744074990885, 2.9986071751262924, 15.588
2.994878815415009, 2.9986150242480045, 15.606
2.9948700910007346, 2.998628798105036, 15.606
2.9948658867908917, 2.998640742705139, 15.625
2.9948551740728573, 2.998653948737581, 15.625
2.9948439246539125, 2.9986650787139832, 15.641
2.9948319834084813, 2.998678784924947, 15.641
2.994820334401213, 2.9986925379861407, 15.658
2.994810294127635, 2.998703992727001, 15.661
2.9948015734012863, 2.9987146874365047, 15.676
2.994792267553366, 2.9987251451415986, 15.693999999999999
2.9947817208597987, 2.9987367371225973, 15.695
2.9947705287661255, 2.998750450509817, 15.711
2.9947600048949092, 2.998763666035387, 15.711
2.9947493029535033, 2.998774174565778, 15.729
2.994740610070434, 2.9987839218083914, 15.731
2.99473733749839, 2.9987981655595197, 15.748
2.9947336110118616, 2.9988075704087547, 15.766
2.994740359336838, 2.998812737138925, 15.766
2.99473821528065, 2.9988127193443916, 15.784
2.9947437468261295, 2.998816685556532, 15.784
2.9947432994601906, 2.9988214081160622, 15.803
2.994745231777907, 2.9988276322472593, 15.803
2.9947517856984343, 2.998832341968321, 15.821
2.9947404951718375, 2.9988439968614093, 15.822
2.994745938874087, 2.9988453791329, 15.841
2.9947423165238645, 2.9988557887519156, 15.841
2.9947442902265946, 2.998858100517192, 15.857
2.9947479450076284, 2.998860487751767, 15.861
2.9947508066271618, 2.998860311466586, 15.877
2.9947551784900335, 2.99886316188649, 15.895
2.994759099474503, 2.9988643183665626, 15.895
2.994763950344004, 2.9988654114277304, 15.911
2.9947696401309423, 2.9988656019696016, 15.911
2.9947609037476504, 2.9988787865638975, 15.93
2.994764222561428, 2.998878445489172, 15.931000000000001
2.994759696302322, 2.998888806988945, 15.948
2.9947537329930625, 2.998897742153806, 15.965
2.9947480512821074, 2.998906758792354, 15.965
2.9947402085013968, 2.99891556778648, 15.982
2.994747104927538, 2.9989218612658872, 15.982
2.994733616704665, 2.998927669637224, 16.0
2.9947362918971763, 2.998929009461324, 16.0
2.9947393387170615, 2.9989330703123334, 16.018
2.994743420160478, 2.998937059084552, 16.037
2.9947432558697424, 2.9989432319503426, 16.037
2.9947450483992015, 2.998948156113397, 16.054
2.9947501364342233, 2.9989521476535006, 16.054
2.994747648582058, 2.9989588560664258, 16.071
2.9947515197442875, 2.9989623027688475, 16.071
2.9947537170977347, 2.998966406374972, 16.088
2.994754033056493, 2.998971700338657, 16.09
2.9947583112298197, 2.9989751065079786, 16.109
2.9947587365824457, 2.9989797345900553, 16.128
2.9947609867187652, 2.9989834663560724, 16.128
2.9947661100921383, 2.998986661084111, 16.145
2.994765065293885, 2.998991362845944, 16.145
2.994768580974013, 2.998994075006848, 16.16
2.994771527363625, 2.998996706396415, 16.161
2.994774484954585, 2.998999534456305, 16.177
2.994782200069508, 2.9990032780978426, 16.195
2.9947923758328416, 2.9990057508272967, 16.195
2.994800551895848, 2.9990077600133573, 16.212
2.994810933853693, 2.999010038305911, 16.212
2.9948150930259607, 2.9990140600825033, 16.23
2.9948198289824557, 2.999020486535929, 16.231
2.9948267462023845, 2.999023517794906, 16.249
2.9948354519620706, 2.999029209439804, 16.267
2.994840193336114, 2.999034840751725, 16.267
2.9948507548484775, 2.9990358679618714, 16.284
2.994853374908052, 2.9990405423318904, 16.284
2.9948533998805016, 2.999040499426745, 16.3
2.9948532272330874, 2.999040679701231, 16.301
2.9948532328869186, 2.9990407536019887, 16.316
2.9948529898514917, 2.9990409145260895, 16.333
2.9948529911556343, 2.999041024023198, 16.333
2.994856441512974, 2.999041399066963, 16.351
2.9948594102772073, 2.9990443020134987, 16.351
2.9948661423275915, 2.9990400478450354, 16.37
2.994866680788979, 2.9990399391031324, 16.371
2.9948671934547186, 2.9990400184388672, 16.389
2.9948679852748676, 2.999040016387487, 16.408
2.9948684871366824, 2.999040078585555, 16.408
2.9948691114516452, 2.9990401109394504, 16.426
2.994869359395667, 2.9990401656212526, 16.426
2.994869760758144, 2.999040218559999, 16.443
2.994869780828158, 2.9990402932655624, 16.443
2.994870066108764, 2.9990403786567024, 16.461
2.9948700864052094, 2.9990404656616674, 16.461
2.994870331384852, 2.999040559099553, 16.48
2.9948703465921644, 2.999040650646246, 16.481
2.994870558846804, 2.999040746802851, 16.496
2.9948705566187255, 2.9990408413352156, 16.513
2.9948707423811176, 2.9990409393271484, 16.513
2.9948707188688424, 2.9990410360739728, 16.531
2.9948708796142482, 2.9990411350573947, 16.531
2.994870834219751, 2.999041233994389, 16.548000000000002
2.994870970372246, 2.9990413339554265, 16.551
2.994870902854718, 2.9990414353790418, 16.566
2.9948710149615216, 2.999041536511505, 16.584
2.9948709249536285, 2.999041640509098, 16.584
2.9948734224685603, 2.999041946961136, 16.601
2.994885262078804, 2.9990425309476176, 16.601
2.994896629234583, 2.9990455890128653, 16.617
2.9948971199840484, 2.999047924128445, 16.62
2.9948972674425063, 2.999047986128246, 16.636
2.994897349411101, 2.999048040577392, 16.654
2.99489743294103, 2.99904813562847, 16.655
2.994897491175241, 2.9990482216930596, 16.671
2.994897543214848, 2.9990483157355707, 16.671
2.9948975797520276, 2.999048407533399, 16.691
2.994897606286076, 2.999048501499498, 16.691
2.9948976208693328, 2.9990485968540934, 16.707
2.9948976232290097, 2.9990486915538788, 16.71
2.9948976157760687, 2.999048789552285, 16.726
2.9948975947742085, 2.999048885294926, 16.744
2.994897564994729, 2.9990489858432694, 16.744
