-2.9150116469678182, -6.115815771947324e-08, 0.011
-2.9150185128369928, 2.2263499390423614e-07, 0.021
-2.9150242958856416, 4.34404626913365e-07, 0.031
-2.9150311387052303, 7.685384821049461e-07, 0.041
-2.9150369439058688, 1.0150866357619762e-06, 0.051
-2.91504379009293, 1.3991655379905698e-06, 0.061
-2.9150485073976493, 3.58343048682169e-06, 0.071
-2.915053852082068, 3.983454841316217e-06, 0.081
-2.9150591094490808, 7.587585305758749e-06, 0.091
-2.9150648023681893, 7.98808225779278e-06, 0.101
-2.9150706619924653, 7.306525770455409e-06, 0.111
-2.915007028400289, -9.3133981202543e-06, 0.121
-2.9148277144635766, -2.231761805527719e-05, 0.131
-2.9145362975758773, -4.0498144719460026e-05, 0.141
-2.914120501518521, -3.959669730697234e-05, 0.151
-2.913591615423941, -3.9701769012758046e-05, 0.161
-2.91297876521467, -5.1151355502074554e-05, 0.171
-2.912245855790743, -7.049860170172832e-05, 0.181
-2.9114164107913187, -8.757654744988104e-05, 0.191
-2.9104665959808615, -8.888132147679608e-05, 0.201
-2.9094106131152104, -9.045328782252944e-05, 0.211
-2.908258435408244, -0.00011302389189784481, 0.221
-2.9070020283067928, -0.00010830808585405595, 0.231
-2.9056280232033194, -0.00010865772072159922, 0.241
-2.9041357779391923, -0.00011954331241846044, 0.251
-2.9025524154514333, -0.0001272192247058785, 0.261
-2.900854366135612, -0.0001366988765955127, 0.271
-2.899042801481177, -0.00014012253490732515, 0.281
-2.897133220308946, -0.00016166961089263888, 0.291
-2.8951138955609896, -0.00018625788985844228, 0.301
-2.8929994467200557, -0.00019487442931502295, 0.311
-2.8907696721223792, -0.00020304948401445844, 0.321
-2.888452446839167, -0.00019581621291916098, 0.331
-2.886003430169272, -0.000209681962072278, 0.341
-2.8834589152961922, -0.000229792732689573, 0.351
-2.880811662496267, -0.00024221762378798787, 0.361
-2.878056097085497, -0.0002784108745316851, 0.371
-2.875200860406394, -0.00030269081723322244, 0.381
-2.8722051726317708, -0.0003034058808409102, 0.391
-2.8691131629993563, -0.00028416066749186987, 0.401
-2.865908136075334, -0.0002837634297899399, 0.411
-2.8626062507665035, -0.0002783130086547337, 0.421
-2.859200440326224, -0.0002931393330740006, 0.431
-2.855662781404105, -0.00028447313929254634, 0.441
-2.851419985031619, -0.0010225082306037565, 0.45
-2.8467896607296748, -0.002367109142544817, 0.461
-2.841544760314711, -0.004836726530048857, 0.471
-2.835731905470159, -0.008501999026925156, 0.481
-2.8292722120523517, -0.013438902670493377, 0.491
-2.8225584557459653, -0.019502474492012926, 0.501
-2.8163896804533395, -0.025699755460969472, 0.511
-2.8109733224762987, -0.030730375429886155, 0.521
-2.8061164408535784, -0.03479123486974041, 0.531
-2.801632365656728, -0.0368422606059909, 0.541
-2.7975167215936727, -0.03716692910860139, 0.551
-2.7936665702600556, -0.0372422777582503, 0.561
-2.789706734988639, -0.037923638249897335, 0.571
-2.7855788134596793, -0.03929074806344712, 0.581
-2.7813440449850786, -0.04082283246964179, 0.59
-2.7769517882141126, -0.04238162074811304, 0.601
-2.7724470477355645, -0.04371543310466171, 0.611
-2.767879845088379, -0.04513530194689949, 0.621
-2.7631888883018005, -0.046553318388762005, 0.631
-2.758412607625968, -0.04796484200491752, 0.641
-2.75351286823914, -0.04946434106924574, 0.651
-2.7485072705187816, -0.05101218260304844, 0.661
-2.7433743826429415, -0.05266333083257584, 0.671
-2.7381699613200055, -0.05431537038869788, 0.681
-2.732872324445816, -0.05588199290165714, 0.69
-2.727444778759463, -0.05760552219676014, 0.701
-2.7218653916004403, -0.05939698603909238, 0.711
-2.7162057495498435, -0.06117820898631299, 0.721
-2.7104765013729173, -0.06282628232916637, 0.731
-2.7046084137326853, -0.06458925035274653, 0.741
-2.6986426122646847, -0.06638606234613728, 0.751
-2.6925948920997014, -0.06829798417464375, 0.761
-2.6864414649769315, -0.07005212193359805, 0.771
-2.680181767321485, -0.07195719974876243, 0.781
-2.673823814015933, -0.07379693234605361, 0.791
-2.6673362615013585, -0.07580085660243571, 0.801
-2.6608395036887105, -0.0778350759782875, 0.811
-2.6543418575673434, -0.08002293227197364, 0.821
-2.6478982778397078, -0.08220645495554904, 0.831
-2.6415283139696815, -0.08439789326455487, 0.841
-2.635149987608291, -0.08693809440079171, 0.851
-2.6289267436500237, -0.08981399210728386, 0.861
-2.6228278935748253, -0.09274683371260192, 0.871
-2.6166043778581396, -0.09657324175463747, 0.881
-2.6101474960899953, -0.10214351849580093, 0.891
-2.603506272052528, -0.10894419431356422, 0.901
-2.5970905546716887, -0.11716685334641462, 0.911
-2.591294021108371, -0.1262795658852131, 0.921
-2.5861570709356774, -0.1360423396234486, 0.931
-2.5810206713453345, -0.1461827679760265, 0.941
-2.5764530887533525, -0.15684366805316202, 0.951
-2.5725150245135207, -0.16761142247679545, 0.961
-2.5690596258974754, -0.17850650770875848, 0.971
-2.5663907021155645, -0.18940267778275588, 0.981
-2.5646137007195713, -0.20008611732372847, 0.991
-2.5636837849427163, -0.21114947276877444, 1.001
-2.5633793057502454, -0.2215906442008074, 1.011
-2.563309298714412, -0.23088755409788164, 1.021
-2.563227965141704, -0.2391359433819535, 1.031
-2.562772080391255, -0.2465813882934667, 1.041
-2.5615581649861703, -0.25397072699319856, 1.051
-2.5604213221934575, -0.26142565232858056, 1.061
-2.559343431841137, -0.2688729167447673, 1.071
-2.5584358934071814, -0.2764227408992101, 1.081
-2.557336357579516, -0.2841615727213288, 1.091
-2.5563660463176836, -0.29204433209310704, 1.101
-2.5553965917800614, -0.3000356921060893, 1.111
-2.554613704618263, -0.3081352462152918, 1.121
-2.5538234964540814, -0.31636773849771, 1.131
-2.553130196232824, -0.3248003747426997, 1.141
-2.5525147817448466, -0.3333736008312622, 1.151
-2.552069770323313, -0.3420516953255497, 1.161
-2.551705509558872, -0.35080258112632745, 1.171
-2.5515712403215014, -0.35959352199171996, 1.181
-2.5513960124327513, -0.3684541167289346, 1.191
-2.5513629432141056, -0.3773556592851839, 1.201
-2.551295209260961, -0.3864420006856973, 1.211
-2.5513022338273617, -0.3956161453586401, 1.221
-2.5513330070950864, -0.4049742955344293, 1.231
-2.5514884339709694, -0.41449427331438127, 1.241
-2.551654015362724, -0.42408690372387386, 1.251
-2.5520499227078877, -0.4338700224909426, 1.2610000000000001
-2.55225804234879, -0.4436526320471546, 1.271
-2.552467705725313, -0.45344567944186775, 1.2810000000000001
-2.552897735194717, -0.46337098170025814, 1.291
-2.5531984819397997, -0.47329882357745007, 1.301
-2.5536517062387194, -0.4832744679204624, 1.311
-2.554073470055682, -0.49328210864597777, 1.321
-2.55431875249161, -0.5032791309529345, 1.331
-2.554400052003653, -0.5132129621668439, 1.341
-2.5547129512503517, -0.5232717565273215, 1.351
-2.5547796286025304, -0.5333523675174544, 1.361
-2.5548432571564335, -0.5434019929011271, 1.371
-2.5549219561195526, -0.5533967329662939, 1.381
-2.5548800035093806, -0.5633960346172995, 1.391
-2.5547041024640005, -0.5734935922798837, 1.401
-2.554526208958096, -0.583571679078739, 1.411
-2.5544144183458775, -0.5935453197423569, 1.421
-2.5540475346867995, -0.603526201888857, 1.431
-2.553491445681939, -0.6135955623976499, 1.441
-2.55277772395842, -0.6236232310167533, 1.451
-2.5514730654368236, -0.6338145264102937, 1.461
-2.550154392055524, -0.6438936637524163, 1.471
-2.5482764246701484, -0.6539352261294388, 1.4809999999999999
-2.5462925327139807, -0.6639333807428622, 1.491
-2.5443356066878264, -0.6737833175775805, 1.501
-2.5417214735512466, -0.6834616703872696, 1.5110000000000001
-2.53882979737628, -0.69300435531648, 1.52
-2.5356013752980466, -0.702530622175259, 1.5310000000000001
-2.5321519726888235, -0.7119935576142113, 1.541
-2.5281855034527934, -0.7215723921759675, 1.5510000000000002
-2.5238369334177726, -0.7308982462495012, 1.561
-2.5191511620044538, -0.7399308372924854, 1.571
-2.5141611733843936, -0.7486930626403387, 1.581
-2.508746261813068, -0.7573219132873237, 1.591
-2.503159732768706, -0.7650461063250719, 1.601
-2.4974717981008476, -0.771907978161897, 1.611
-2.4916363579159517, -0.7780899266622373, 1.621
-2.4855322961495725, -0.7836140278466044, 1.631
-2.4796705780995736, -0.7886139545094499, 1.641
-2.473621081312531, -0.7928336933630745, 1.651
-2.4672374731278643, -0.7962139979689091, 1.661
-2.4602467395028964, -0.7987574803981722, 1.671
-2.4524382805586584, -0.8002935181408358, 1.681
-2.444158756297643, -0.800989902008357, 1.6909999999999998
-2.4355067776672317, -0.8009352908480127, 1.701
-2.4262216790299247, -0.8012759229978794, 1.7109999999999999
-2.416729172227185, -0.8022552243862163, 1.721
-2.4070415477218075, -0.8037260232777783, 1.7309999999999999
-2.397328232942358, -0.8053215898346214, 1.741
-2.3875707684255296, -0.8066385642181189, 1.751
-2.3778866280426745, -0.8077961185943887, 1.7610000000000001
-2.3681534491325866, -0.8088730746973035, 1.771
-2.358282550746601, -0.8096631952566675, 1.7810000000000001
-2.3484212132153743, -0.8100275468242565, 1.791
-2.3388372446215064, -0.8098641047349121, 1.8010000000000002
-2.3294655514104656, -0.8096126311716622, 1.811
-2.320293841087609, -0.8092742909311949, 1.821
-2.3112371869153785, -0.808622693925193, 1.831
-2.3021660924945992, -0.8077768775395944, 1.841
-2.293074761238834, -0.8068109281229328, 1.851
-2.2838816115339386, -0.8058178425780496, 1.8599999999999999
-2.2746469583885744, -0.8046960081836988, 1.871
-2.265528814943247, -0.8036918911526876, 1.881
-2.25646739912399, -0.8026107350054944, 1.891
-2.2475287493648928, -0.8015350999198545, 1.901
-2.2386974973074234, -0.8005618841737846, 1.911
-2.2297950087212257, -0.7994702535397982, 1.921
-2.220737492557641, -0.7983007056631516, 1.931
-2.2116802641895195, -0.7973194289914113, 1.9409999999999998
-2.2026035549766174, -0.7961886281170598, 1.951
-2.193542432141146, -0.7952336248237625, 1.9609999999999999
-2.184495218634361, -0.7945665234412035, 1.971
-2.1757803455193274, -0.7943355496538946, 1.9809999999999999
-2.1675659638595373, -0.7945443070353388, 1.991
-2.1598582032033393, -0.794817347221481, 2.001
-2.1520934536253318, -0.7951107533484041, 2.011
-2.1437671937026894, -0.7949880873010333, 2.021
-2.1353398417776615, -0.7947445347670017, 2.031
-2.1275318879211027, -0.7948739263710327, 2.041
-2.120252246385315, -0.7950685471441736, 2.051
-2.1133246583565817, -0.7958332912416187, 2.061
-2.1066164184614036, -0.7974562672220166, 2.071
-2.100310628095346, -0.7996465792141777, 2.081
-2.0944000824026925, -0.8022190704655334, 2.091
-2.088806465299754, -0.8053345670672546, 2.101
-2.082713194921916, -0.8083464279667195, 2.111
-2.075995240173204, -0.8109820638552506, 2.121
-2.06859703499709, -0.8129176240648023, 2.1310000000000002
-2.0605891076018312, -0.8142165153819224, 2.141
-2.053357421150269, -0.8159458214466832, 2.151
-2.0469543765036957, -0.8176829657998403, 2.161
-2.041169214969481, -0.8182644202678874, 2.171
-2.0358139058319122, -0.8186307729893949, 2.181
-2.0305992979200815, -0.8207259767904292, 2.191
-2.0255454302725453, -0.8242701493220839, 2.201
-2.020714782950691, -0.8281562230285651, 2.211
-2.0161347765373847, -0.8319295726639143, 2.221
-2.011715958083174, -0.8360089621754965, 2.231
-2.007481113784127, -0.8403107149751468, 2.241
-2.003474133332302, -0.8446124580530666, 2.251
-1.9996517619036862, -0.8490326836893668, 2.261
-1.9960592558922017, -0.8535629533724645, 2.271
-1.9925892709949382, -0.8581783315930315, 2.281
-1.9891690308640673, -0.8628315214349077, 2.291
-1.9861012297361995, -0.8676099296749608, 2.301
-1.9823745159906443, -0.8726157627217472, 2.311
-1.9773653491198546, -0.8774543766512418, 2.321
-1.971346658448529, -0.8819727034115442, 2.331
-1.9647881937088534, -0.8861567355628419, 2.341
-1.9578984949687066, -0.8901306461478866, 2.351
-1.950951035536206, -0.8939596318282261, 2.3609999999999998
-1.944009034340498, -0.897643701060784, 2.371
-1.9370808230511238, -0.9012008582369695, 2.3810000000000002
-1.9302113524540079, -0.9046986717397532, 2.391
-1.923291244983121, -0.9081121843109164, 2.4
-1.916508758762666, -0.9104181810910527, 2.411
-1.9099405692902653, -0.9121858733395518, 2.421
-1.9033249704605057, -0.9147617419290671, 2.431
-1.8967069384893107, -0.9174952739478551, 2.441
-1.8901031411432248, -0.920128742145292, 2.451
-1.8836105863769288, -0.9224857340831231, 2.461
-1.8771996668214785, -0.9247701644729701, 2.471
-1.870931606211189, -0.9268915046740984, 2.481
-1.8647792014947697, -0.9289063736022279, 2.491
-1.8587286062342179, -0.9307830429336542, 2.501
-1.8527513533557511, -0.9326060379520394, 2.511
-1.8468569244109188, -0.9343129013459279, 2.521
-1.8409796076231526, -0.9359607385161111, 2.531
-1.8351682257710686, -0.9374626244862534, 2.541
-1.829443284991819, -0.9388361488563245, 2.551
-1.8242208557153399, -0.939902181726711, 2.561
-1.819845085290185, -0.9407437753507069, 2.5709999999999997
-1.8160607145960297, -0.9423848592184534, 2.581
-1.8128683599132478, -0.9446982899708412, 2.591
-1.8102113224163383, -0.947521992696767, 2.601
-1.807268497291359, -0.9506150997319681, 2.6109999999999998
-1.803138552434373, -0.9532636796444842, 2.621
-1.7982003296617808, -0.955346475656742, 2.6310000000000002
-1.793060177741137, -0.9570443691418598, 2.641
-1.7879051991709063, -0.9586135686848514, 2.651
-1.7830738291053552, -0.9599944479742819, 2.661
-1.7790533734683223, -0.9604699105831755, 2.6710000000000003
-1.7757435878516075, -0.9606948716476205, 2.681
-1.7730149154675237, -0.9624735949850647, 2.691
-1.770847566868919, -0.9651643324868207, 2.701
-1.76849364036744, -0.9679888157568087, 2.711
-1.7649224503878331, -0.9703777279438908, 2.721
-1.7605565705526427, -0.9721804007733534, 2.731
-1.7559253936700323, -0.9737218137281431, 2.741
-1.7512787653737174, -0.9751459402203004, 2.751
-1.7469789255296266, -0.9763789515521453, 2.761
-1.7435120849634365, -0.9767933669893551, 2.771
-1.7407608644552608, -0.9780710025845187, 2.781
-1.738606347936606, -0.9801622395025228, 2.791
-1.7370028407856022, -0.9827808019081001, 2.801
-1.7349139330263694, -0.9854910399478675, 2.811
-1.731724001467005, -0.9877288180248445, 2.8209999999999997
-1.7276741194682952, -0.9893027013501704, 2.831
-1.7234943374009493, -0.9906843971026743, 2.84
-1.7193232822374354, -0.9920482114381001, 2.851
-1.7157335846816408, -0.9933128935346486, 2.8609999999999998
-1.7129762864927303, -0.9937524077487352, 2.871
-1.710983311943462, -0.9943675280088807, 2.88
-1.7096906796991467, -0.9960791106500554, 2.891
-1.7090114979008724, -0.998463868235358, 2.901
-1.7079231258775194, -1.0011030218384087, 2.911
-1.7055730349643425, -1.003282850518592, 2.9210000000000003
-1.7022481818370352, -1.0049383605184479, 2.931
-1.699340697742095, -1.0065469572047296, 2.941
-1.6975826415313744, -1.0085411354144405, 2.951
-1.6966577772681304, -1.0097449658520123, 2.961
-1.6963121834761092, -1.0110360969120122, 2.971
-1.6963859824773462, -1.0135887729573787, 2.981
-1.6965077490052143, -1.0162876943551822, 2.991
-1.6966093155673092, -1.0188655590711515, 3.001
-1.6960865364219397, -1.0214657443983148, 3.011
-1.694123478681531, -1.02367607565167, 3.021
-1.6919290693038231, -1.025694102780114, 3.031
-1.6909354777521632, -1.027893713613497, 3.041
-1.6906977353098964, -1.0295828709802348, 3.051
-1.6907164071104006, -1.031829683300033, 3.061
-1.6907722238952243, -1.0342950466913448, 3.071
-1.6906807225380671, -1.0367928072556474, 3.081
-1.6906480847295426, -1.0393498938101735, 3.091
-1.6906578670559005, -1.0419785780277186, 3.101
-1.6898195865601489, -1.044456457321375, 3.111
-1.687652009345875, -1.0466457161388063, 3.121
-1.684692204827168, -1.0485309648155432, 3.1310000000000002
-1.6815601357371595, -1.0502442168616744, 3.141
-1.6789331046921645, -1.051863599970182, 3.151
-1.6772123190119035, -1.0533207205661015, 3.161
-1.6765431110067852, -1.0550931584389411, 3.171
-1.6762758301538634, -1.057198153463604, 3.181
-1.6760343535819464, -1.0593491685374985, 3.191
-1.675835433069773, -1.0615050046994627, 3.2
-1.6749787262796574, -1.063607448134894, 3.211
-1.6727454659096093, -1.0654255639674326, 3.221
-1.6700225564950784, -1.0670787847860428, 3.231
-1.6672347082349257, -1.0686704610533688, 3.241
-1.6647582021884026, -1.0701060405923426, 3.251
-1.66340848577963, -1.0715295895044887, 3.261
-1.6632101912825366, -1.0730179066813443, 3.271
-1.6632825501511646, -1.0745726021734796, 3.281
-1.6634683680532067, -1.0761346024867584, 3.291
-1.6636689992112759, -1.0776971212322486, 3.301
-1.66316973903444, -1.0793141730027256, 3.311
-1.66133745022131, -1.0808367072795777, 3.321
-1.658897960779557, -1.0822172833894192, 3.331
-1.6564285221483324, -1.0835480569861304, 3.341
-1.6541000470313656, -1.08475561809219, 3.351
-1.6524611004839085, -1.0858960361559056, 3.3609999999999998
-1.6521340933992867, -1.0870665964803525, 3.371
-1.6524133489969666, -1.08817716856106, 3.3810000000000002
-1.652938775523733, -1.0893583644875455, 3.391
-1.6535097153007567, -1.0905609105048362, 3.4
-1.6531196547070295, -1.0917645930356077, 3.411
-1.6514025367331204, -1.0929001276067027, 3.421
-1.649283708331778, -1.0939273101114575, 3.431
-1.6471543887052953, -1.0948580408968482, 3.441
-1.6457576558510136, -1.0957298035946645, 3.451
-1.6454245455723526, -1.096370807436731, 3.461
-1.6457623769251415, -1.0968882801406064, 3.471
-1.6465141670137846, -1.0975526635964186, 3.48
-1.6475091313763484, -1.0983513141904102, 3.491
-1.6486095912090217, -1.0991738457650804, 3.501
-1.648829636061922, -1.1000326012939479, 3.511
-1.6475595922645425, -1.1008474375632535, 3.521
-1.6458189756277044, -1.1015574432758888, 3.531
-1.6448821136105352, -1.1022696658296265, 3.541
-1.6449427098105052, -1.1028050405450684, 3.551
-1.6452757177869157, -1.102921173457766, 3.561
-1.6461824972335526, -1.103137482339373, 3.5709999999999997
-1.6475132039112503, -1.1035221793610284, 3.581
-1.6489799999613213, -1.104029169360881, 3.591
-1.6504589674882328, -1.104564719778282, 3.601
-1.6512230852348087, -1.1051440104486847, 3.6109999999999998
-1.6504264215025006, -1.1056900010411073, 3.62
-1.6496453532368418, -1.1061808864967633, 3.6310000000000002
-1.6498424575396702, -1.1065187044565803, 3.641
-1.65033947346305, -1.1066058318734215, 3.651
-1.6514159548859355, -1.1067415208831122, 3.661
-1.6529359384425644, -1.1069189053795447, 3.6710000000000003
-1.6546073560959622, -1.1071617349236567, 3.681
-1.6563506435613435, -1.1074796107882834, 3.691
-1.6580642650734392, -1.1077632440312872, 3.701
-1.6591103477697284, -1.108150370223922, 3.711
-1.6588122005035424, -1.1085520842204808, 3.721
-1.6575417539819084, -1.1089288713020118, 3.731
-1.6567298431645145, -1.1091889050102735, 3.741
-1.6568449052205891, -1.1092192386510096, 3.751
-1.6575039509257592, -1.1092232473694135, 3.761
-1.6586851645574607, -1.1092191318396922, 3.771
-1.6602989165261133, -1.109210960209822, 3.781
-1.6621354863400528, -1.1091995549257168, 3.791
-1.6639990529169164, -1.1091860954831099, 3.801
-1.665266877310767, -1.109209763768031, 3.811
-1.6651702027348323, -1.1093283060788603, 3.8209999999999997
-1.6641217008221698, -1.109501137111303, 3.831
-1.6629576666809334, -1.1096054746428172, 3.841
-1.6618658550169338, -1.1095987275022283, 3.851
-1.6608721788492573, -1.1095555497728558, 3.8609999999999998
-1.6599544181614099, -1.1094332388760686, 3.87
-1.6591072333616532, -1.1092359122032287, 3.8810000000000002
-1.6588124127315635, -1.1090528651345113, 3.891
-1.659039142586542, -1.1087186806050258, 3.901
-1.6585159074388818, -1.1082180272614928, 3.911
-1.6576868171269166, -1.1077130460862223, 3.9210000000000003
-1.6571267342266884, -1.1073287437951604, 3.931
-1.6565096646299557, -1.1067362923283377, 3.941
-1.6559352713927977, -1.1060287332584944, 3.951
-1.6554297044788535, -1.10523519253681, 3.961
-1.655006843006349, -1.1043592838812735, 3.971
-1.6546316687174458, -1.1033712783981517, 3.981
-1.6543416355772664, -1.1022910712892853, 3.991
-1.6544535674750291, -1.1012044388818527, 4.001
-1.654798855253621, -1.0998010495491992, 4.011
-1.6554851625433822, -1.0980905599776671, 4.021
-1.6564910754289706, -1.096256349148817, 4.031
-1.6578492300304295, -1.0943352834121862, 4.041
-1.6593654701654845, -1.092394717734011, 4.051
-1.660943377847975, -1.090446410772523, 4.061
-1.6624814214751575, -1.0884758730968558, 4.071
-1.664034164646001, -1.0865044042346719, 4.081
-1.6656546350820238, -1.0845188333079028, 4.091
-1.6672841163329604, -1.082519629301612, 4.101
-1.6685107306687121, -1.0809778689687815, 4.111
-1.6683659840704608, -1.079619141374397, 4.121
-1.668007357905237, -1.078200148613177, 4.131
-1.6676692406802738, -1.0767638112193807, 4.141
-1.667423676638731, -1.0753960398738793, 4.151
-1.667432488724928, -1.0742120914725162, 4.161
-1.6674390159228314, -1.0727123406835928, 4.171
-1.6674354426166027, -1.0710425443053961, 4.181
-1.6674503544114123, -1.0692453162760025, 4.191
-1.6674904806412152, -1.0673326435105892, 4.201
-1.667619029564897, -1.0653618723653784, 4.211
-1.6678698881177676, -1.063313763531478, 4.221
-1.6682188764680173, -1.0611902990911146, 4.231
-1.6686675122882804, -1.058959468904754, 4.24
-1.6694733729742661, -1.056723483599988, 4.251
-1.6707560873021234, -1.0544631830373408, 4.261
-1.672284930925905, -1.052201565880461, 4.271
-1.67387643801462, -1.0499214766164926, 4.281
-1.6754967877486975, -1.047657469789676, 4.291
-1.6770948642604837, -1.0454043144394372, 4.301
-1.6782647896087242, -1.0430086884967305, 4.311
-1.6793343950022517, -1.0405948811838894, 4.321
-1.6806866789478545, -1.0382608763423031, 4.331
-1.6820566839167725, -1.0359025213329063, 4.341
-1.6834389470011535, -1.033555783390814, 4.351
-1.6848554160231233, -1.0312239638862053, 4.361
-1.68630653120551, -1.028911825025297, 4.371
-1.687719518437135, -1.0266835492168538, 4.381
-1.6892140250631018, -1.024480105889172, 4.391
-1.690661417302567, -1.0222082387584237, 4.401
-1.6915769268675331, -1.0199405943340591, 4.411
-1.6925227551288151, -1.017763173517082, 4.421
-1.6936613626700106, -1.015685782657351, 4.431
-1.6947971201181606, -1.0135437554706428, 4.441
-1.6959957419574174, -1.0114641445888726, 4.451
-1.6972547593628087, -1.0094224676932375, 4.461
-1.698541126641697, -1.0073829196624797, 4.471
-1.6998232668162099, -1.0053675275282856, 4.481
-1.7011065472764966, -1.0033310173701226, 4.491
-1.702456153762367, -1.0013254582883515, 4.501
-1.7034372932748403, -0.9992439710167524, 4.511
-1.7044973143338558, -0.9973834590521622, 4.521
-1.7056776948002235, -0.9955274561540535, 4.531
-1.7069462844966123, -0.9936822446776662, 4.541
-1.708215812658402, -0.9918229059443322, 4.551
-1.7095403806518357, -0.9899064315042778, 4.561
-1.7108855204787756, -0.9880597949693782, 4.571
-1.7122545510203149, -0.9862246163808785, 4.5809999999999995
-1.7136407539041958, -0.984348869954983, 4.591
-1.715030839195257, -0.9824937450743956, 4.601
-1.7161945297928924, -0.9804851618293826, 4.611
-1.7173005701145037, -0.9785407784361062, 4.621
-1.7185341396194924, -0.976736913568466, 4.631
-1.7197965814080842, -0.9749844567739595, 4.641
-1.7210920300909138, -0.9732923342919597, 4.651
-1.7224354177872994, -0.9715832980848538, 4.661
-1.7238033279211238, -0.9698425307539719, 4.671
-1.7251839524376236, -0.9681373162774185, 4.681
-1.726594562967506, -0.9664319977243947, 4.691
-1.7280352115313364, -0.9647447786947799, 4.701
-1.7293197049180355, -0.962985139894296, 4.711
-1.7305767856304188, -0.9613326146782105, 4.721
-1.731840533710417, -0.9596941160249493, 4.731
-1.7331439779763982, -0.9580962033964165, 4.741
-1.7344520218957153, -0.9565506980440559, 4.751
-1.7357842341078638, -0.9550063514024484, 4.761
-1.73711739844024, -0.9535295128375118, 4.771
-1.738465135937726, -0.9520410154072212, 4.781
-1.7397464335040518, -0.9506130652355426, 4.791
-1.7410878617435495, -0.9492965329811854, 4.801
-1.7423623233142709, -0.9478817795344828, 4.811
-1.743541722735942, -0.9465372083809169, 4.821
-1.7447172824951958, -0.9452854430193509, 4.8309999999999995
-1.7458898579080324, -0.9439615028547176, 4.841
-1.7470494707675297, -0.9426612187566148, 4.851
-1.7482141894763426, -0.941361076141216, 4.861
-1.7494283036049463, -0.9400790893152422, 4.871
-1.7507032473904285, -0.9389251166989536, 4.881
-1.7520166381713802, -0.9377403620868449, 4.891
-1.7533621620161568, -0.9365098878773123, 4.901
-1.7546796824483717, -0.9352917817332473, 4.911
-1.7559863075025723, -0.9340638044003539, 4.921
-1.7572669725399281, -0.9328968411128417, 4.931
-1.7585709724739256, -0.931740356421116, 4.941
-1.759917219238557, -0.9305600018286435, 4.951
-1.7612687430815803, -0.9293989398153129, 4.961
-1.7626659543203735, -0.9282163859648019, 4.971
-1.7641012315768188, -0.9270368179202281, 4.981
-1.7655317644815054, -0.9258750007027322, 4.991
-1.7669497229528857, -0.9247857277270614, 5.001
-1.7684023446923725, -0.9236305787909243, 5.011
-1.7697906013284488, -0.9224770879601802, 5.021
-1.7711455497987592, -0.9213535204510354, 5.03
-1.7724988222691953, -0.9202761179173874, 5.041
-1.7738797780666151, -0.9191871470436793, 5.051
-1.7752678994029922, -0.9181130016209694, 5.061
-1.7766170784128963, -0.9171296748187835, 5.071
-1.77796279835919, -0.9161769112481372, 5.081
-1.779320055695084, -0.9152555006646712, 5.091
-1.780661760629435, -0.9143501268589054, 5.101
-1.7819921418253437, -0.9135010202363301, 5.111
-1.783269367887482, -0.9126284291841023, 5.121
-1.7844634668801687, -0.9117427402165216, 5.131
-1.7855798710660316, -0.910835433946272, 5.141
-1.7866898767363502, -0.9099052165860619, 5.151
-1.7877928626682364, -0.9090287992626568, 5.161
-1.7888993408064553, -0.908150724035863, 5.171
-1.7900326555713055, -0.907283068839268, 5.181
-1.79117713789736, -0.9064152469602135, 5.191
-1.7923038105424804, -0.9056198845603938, 5.201
-1.7933739994985118, -0.904788871000534, 5.211
-1.794424352153076, -0.9039009516289505, 5.221
-1.7954795617524173, -0.903036591571419, 5.231
-1.7965087878962722, -0.9022391689194499, 5.241
-1.7975585818524658, -0.9014658366778334, 5.251
-1.79861476689063, -0.9007014926743374, 5.261
-1.7996863367711784, -0.8999277562222301, 5.271
-1.8007742182185493, -0.8991827629567575, 5.28
-1.8018691208509716, -0.8984606484107321, 5.291
-1.8029689226851695, -0.8977716026280473, 5.301
-1.8041220661492092, -0.8971491313272156, 5.311
-1.8052941293737064, -0.8964740378240567, 5.321
-1.806372686337129, -0.8958000232678454, 5.331
-1.8073918075507052, -0.8951111150116475, 5.341
-1.8084274647343983, -0.8943746558333644, 5.351
-1.8094844552582876, -0.893645579504185, 5.361
-1.810569848884996, -0.892934344938902, 5.371
-1.8116709222310001, -0.8923080695612817, 5.381
-1.8127469139598509, -0.8917061692712324, 5.391
-1.8138891462180153, -0.8911633923368588, 5.401
-1.8150194727527988, -0.8905944664901769, 5.411
-1.8160645423523283, -0.8899957236681135, 5.421
-1.8170852202068948, -0.8893783137853571, 5.431
-1.8181244559103908, -0.8887719993000736, 5.441
-1.8191471161003043, -0.8881881408325685, 5.451
-1.8201691469008139, -0.8876331338303786, 5.461
-1.8212597333147742, -0.8870995308102795, 5.471
-1.8223543371284758, -0.8865457235920913, 5.481
-1.8234721057974332, -0.88601214940946, 5.491
-1.8245909261199331, -0.8854912973402684, 5.501
-1.8256918701056846, -0.8849288379690212, 5.511
-1.826717004370384, -0.8842846982346501, 5.521
-1.827753205158419, -0.883646610678573, 5.531
-1.8287884626747342, -0.8830286448471236, 5.541
-1.8298317671052313, -0.8824460339426529, 5.551
-1.830862202952208, -0.8818705327073072, 5.561
-1.8319294024674977, -0.8813747390133968, 5.571
-1.8330047533064833, -0.8808632858280763, 5.5809999999999995
-1.8340775542667784, -0.8803296515110366, 5.591
-1.8351120829275926, -0.8797913028318946, 5.601
-1.8361310596572133, -0.8793436780286201, 5.611
-1.8372257474320883, -0.8788079749793063, 5.621
-1.8382849364202716, -0.8781837810578956, 5.631
-1.839262269890499, -0.8776159795260101, 5.641
-1.8402740096885917, -0.8770412123503666, 5.651
-1.8412129036519576, -0.8765065165598781, 5.661
-1.8421613318991117, -0.8759824409839173, 5.671
-1.8431192050104148, -0.8754529602358316, 5.681
-1.8440654106583683, -0.8749232628414093, 5.6899999999999995
-1.8450269567806585, -0.8744147926708049, 5.701
-1.8460436255839465, -0.8739430780481436, 5.711
-1.8469804884857461, -0.8734049410494039, 5.721
-1.8479328154343615, -0.8727905297376171, 5.731
-1.8488580587772585, -0.872171172125191, 5.741
-1.849835063604077, -0.8715843989368357, 5.751
-1.8508061411838577, -0.8710371538271793, 5.761
-1.8517603010840231, -0.8704630005090603, 5.771
-1.8526506821964803, -0.8699143851646693, 5.781
-1.853602878359167, -0.8694172658561152, 5.791
-1.8545900978270384, -0.8689377638283635, 5.801
-1.8555763431876164, -0.8684386991058521, 5.811
-1.8565275250178381, -0.8678940583135284, 5.821
-1.8574090441315738, -0.8672684761984573, 5.8309999999999995
-1.8581576531279187, -0.8666357485476972, 5.841
-1.858935483128461, -0.8661018592159743, 5.851
-1.8597209788603841, -0.8655067410661869, 5.861
-1.86051949512832, -0.8649302582079569, 5.871
-1.861419466377241, -0.8643768111855974, 5.881
-1.8623326534680424, -0.8638235307214194, 5.891
-1.8632483326394715, -0.8632797301739066, 5.901
-1.8641805486532423, -0.8627174371895231, 5.911
-1.8649877538035593, -0.8620621774149563, 5.921
-1.8657637718133655, -0.8614325621526543, 5.931
-1.8665407445890358, -0.8608296811000844, 5.941
-1.8673240598748957, -0.8602361850528328, 5.951
-1.8681127376228501, -0.8596490765678959, 5.961
-1.868906265176688, -0.8590775934042832, 5.971
-1.8697125726583779, -0.8585056719419126, 5.981
-1.8705399620454657, -0.8579306135366148, 5.991
-1.8713591852792644, -0.8573507920035301, 6.001
-1.8720546881514948, -0.856688072729332, 6.011
-1.8727407679592845, -0.8560327518424188, 6.021
-1.8733978708498302, -0.8554264256979047, 6.031
-1.8740870244299483, -0.8547632924751424, 6.041
-1.8747873804551884, -0.8541121250055905, 6.051
-1.8754028618786294, -0.8534830126842, 6.061
-1.8761620201227855, -0.8528219686556894, 6.071
-1.8769857361381659, -0.8521003033216067, 6.081
-1.877814044365108, -0.851394870093736, 6.091
-1.8786512820644525, -0.8506985374224117, 6.101
-1.8793205179452976, -0.8499522879193823, 6.111
-1.879789495514813, -0.8492123328598399, 6.121
-1.8803029232625184, -0.8485076356923211, 6.131
-1.880842466005255, -0.8477925317996424, 6.141
-1.881390825831643, -0.847078160306255, 6.151
-1.8818878273869575, -0.8463657006635348, 6.161
-1.8823392422382663, -0.845684829978369, 6.171
-1.8828646045507715, -0.8449626146084394, 6.181
-1.8834136102227412, -0.8442404366678676, 6.191
-1.8839282021850074, -0.8435127876870174, 6.201
-1.8844143475980386, -0.8428255822009125, 6.211
-1.8849092456671714, -0.842151708198496, 6.221
-1.885365768211667, -0.8414722029076028, 6.231
-1.8857962881979704, -0.8407877626096455, 6.241
-1.8862311332280126, -0.8401050076886056, 6.251
-1.8866562133483065, -0.8394462185494693, 6.261
-1.8871186299318492, -0.8387651724089775, 6.271
-1.8875752471142262, -0.8380913776521595, 6.281
-1.8880200401335194, -0.8374324995455534, 6.291
-1.8884954228437545, -0.8367894978803695, 6.301
-1.8888955454663858, -0.8361645658320256, 6.311
-1.8893199187855094, -0.8355218211390754, 6.321
-1.8897592899242273, -0.8348762578370011, 6.331
-1.8901710256773463, -0.8342543359284762, 6.341
-1.8905508074262019, -0.8336811996264734, 6.351
-1.8910330793216907, -0.8330529891879779, 6.361
-1.8915292566099113, -0.8324246655039648, 6.371
-1.8920031492866458, -0.8318107033184292, 6.381
-1.8924662106395862, -0.8311888171791724, 6.391
-1.892909169038647, -0.8305804601253762, 6.401
-1.8933066167286852, -0.8299970966568271, 6.411
-1.8936569038025965, -0.8294553582517723, 6.421
-1.8940101375003362, -0.828913675332049, 6.431
-1.894376420324268, -0.8283733801099119, 6.441
-1.8947573116030292, -0.8278272585133886, 6.451
-1.895164464571511, -0.8272755750545985, 6.461
-1.8955873963571361, -0.8267137154091426, 6.471
-1.896038704200538, -0.826154498549163, 6.481
-1.8964922633494863, -0.8256026431974623, 6.491
-1.8969280579759396, -0.8250591499154397, 6.501
-1.8972992879096444, -0.8245373696529508, 6.511
-1.8976570012279916, -0.8240307941346033, 6.521
-1.8979785485081853, -0.8235479641434921, 6.531
-1.8982939397349343, -0.8230748486026657, 6.541
-1.8986523094888486, -0.822584003233508, 6.551
-1.8990602825699363, -0.8220848079617299, 6.561
-1.8994618751333772, -0.8215882021888281, 6.571
-1.8998509671727906, -0.8210989354091738, 6.5809999999999995
-1.9002351346241144, -0.8206088539092619, 6.591
-1.9006219816072738, -0.8201417325274308, 6.601
-1.900982058875836, -0.8197089184016855, 6.611
-1.9013564711327262, -0.8192759219533288, 6.621
-1.9017355727101248, -0.8188400341030801, 6.631
-1.90211062895616, -0.8184066336189582, 6.64
-1.9024788605089684, -0.8179785341578074, 6.651
-1.9028341278650485, -0.8175519451541212, 6.661
-1.903214524452058, -0.817125480286399, 6.671
-1.903599016937122, -0.8167003586246075, 6.681
-1.9039865333766826, -0.8162790336684379, 6.691
-1.9043583934053347, -0.8158564837272222, 6.701
-1.9046473835878996, -0.8154663475840775, 6.711
-1.9049374973682873, -0.815097038068387, 6.721
-1.9052751760943547, -0.81470996571898, 6.731
-1.9056104362506114, -0.8143219705231092, 6.741
-1.9059500014294875, -0.813938101665143, 6.751
-1.9062869911511464, -0.8135491722967193, 6.761
-1.906626110810342, -0.8131643472143892, 6.771
-1.9069680884073485, -0.8127802482090662, 6.781
-1.9073114244193814, -0.8123995137042683, 6.791
-1.9076864785078145, -0.8120479076916658, 6.801
-1.9080059323351943, -0.8117254157554967, 6.811
-1.9082921858737831, -0.8114099019312787, 6.821
-1.9085836552891793, -0.8110883192030045, 6.8309999999999995
-1.9088773627515538, -0.8107782528246872, 6.841
-1.9091756250440814, -0.8104597551215541, 6.85
-1.909456024189091, -0.8101446140894695, 6.861
-1.9097301039581358, -0.8098365972028255, 6.871
-1.9100074479552855, -0.8095303194028964, 6.881
-1.9103046257663665, -0.8092251673611518, 6.891
-1.9106181154700579, -0.8089190703393534, 6.901
-1.9109021698607, -0.8086414229248167, 6.911
-1.9111887580494111, -0.8083695916434266, 6.921
-1.9114788612164553, -0.8080915950026315, 6.931
-1.9117536876358034, -0.8078141683751765, 6.941
-1.9120178226918998, -0.8075427593481274, 6.951
-1.9122787562986865, -0.8072716404742062, 6.961
-1.9125771881217513, -0.8069908546243006, 6.971
-1.9128552349206505, -0.8067335089322836, 6.981
-1.9131723033252825, -0.8064672104233476, 6.991
-1.913466658642612, -0.8062065285255594, 7.001
-1.9137261180049783, -0.8059526292876105, 7.011
-1.9139783227876976, -0.8056934144451635, 7.021
-1.9142531863815488, -0.8054392848856651, 7.031
-1.9145023063920943, -0.8051912171686467, 7.041
-1.9147677941943584, -0.8049452631438909, 7.051
-1.9150248368339655, -0.8047012850966851, 7.061
-1.9152923015947425, -0.8044575074434718, 7.071
-1.9155645326524104, -0.8042132899324451, 7.081
-1.9158199511448044, -0.8039715816314493, 7.091
-1.9160864997906342, -0.8037290587043362, 7.101
-1.9163261361684991, -0.8034858448982465, 7.111
-1.9165589764405346, -0.8032475198674143, 7.121
-1.9167913166129078, -0.8030147903500078, 7.13
-1.9170138935000836, -0.8027813288829694, 7.141
-1.917261870610783, -0.8025497903573979, 7.151
-1.9174591523893982, -0.8023262025780946, 7.161
-1.917679866702703, -0.802086734811934, 7.171
-1.9179112676028054, -0.8018497038185907, 7.181
-1.9181520003384707, -0.801619290651374, 7.191
-1.9183846353000478, -0.8013911453462167, 7.201
-1.918592291343937, -0.8011710092504334, 7.211
-1.9187985914700783, -0.8009492260877087, 7.221
-1.9189986734406093, -0.8007274937662785, 7.231
-1.91920096906589, -0.8005009043808406, 7.241
-1.9193941617034924, -0.8002665793275632, 7.251
-1.9195812587135026, -0.80004080439787, 7.261
-1.9197596402946493, -0.7998131942332753, 7.271
-1.9199865696502598, -0.7995947087083459, 7.281
-1.9201951712044865, -0.7993830344325618, 7.291
-1.9204113854438563, -0.7991720685183423, 7.301
-1.9206017701564584, -0.7989682877091168, 7.311
-1.920786323543106, -0.7987652089303338, 7.321
-1.9209735971499682, -0.7985610628489852, 7.331
-1.9211540987750266, -0.7983528482811962, 7.341
-1.9213323330868526, -0.7981486955716594, 7.351
-1.9215156349661047, -0.7979482559262367, 7.361
-1.921701390467, -0.7977473849184092, 7.371
-1.9218956518513504, -0.7975456353028891, 7.381
-1.9220761240484996, -0.7973413453143218, 7.391
-1.922269909248002, -0.7971440655551278, 7.401
-1.9224373761098112, -0.7969531404815249, 7.411
-1.9225944463775422, -0.7967642961473617, 7.421
-1.9227618135925242, -0.7965770938413453, 7.431
-1.9229227780896383, -0.7963884332028677, 7.441
-1.9230540006877854, -0.7961898133156661, 7.451
-1.9232202960702103, -0.7959916282049673, 7.461
-1.923399460802408, -0.7958010497312249, 7.471
-1.9235687325319357, -0.7956114065996321, 7.48
-1.9237231834790665, -0.7954105291428379, 7.491
-1.9238817987201822, -0.7952070369901276, 7.501
-1.9240212635526373, -0.7950227239326613, 7.511
-1.9241628696668411, -0.7948371364659425, 7.521
-1.9243050211723565, -0.7946537707516901, 7.531
-1.924437153727173, -0.7944590000438068, 7.541
-1.9245764383194741, -0.7942625142435238, 7.551
-1.924686189356067, -0.7940609336265585, 7.561
-1.924815237606333, -0.7938668399525284, 7.571
-1.9249516658164019, -0.7936790718136679, 7.5809999999999995
-1.925081101505015, -0.7934879158103233, 7.59
-1.9252021182975132, -0.793297692100039, 7.601
-1.9253170008076668, -0.7931192430344292, 7.611
-1.925427411149383, -0.7929440715741527, 7.621
-1.9255427646365142, -0.7927707384888885, 7.631
-1.9256450152599143, -0.7925914239405181, 7.641
-1.9257545554733424, -0.7924139250501441, 7.651
-1.9258609711303991, -0.7922352868396151, 7.661
-1.9259594459082467, -0.7920511366534022, 7.671
-1.9260600401349812, -0.7918714217311298, 7.681
-1.9261448135019217, -0.7917005579297586, 7.691
-1.9262266066252656, -0.7915297531221951, 7.701
-1.926342285438386, -0.7913713526658153, 7.711
-1.926429192252669, -0.7912123544236437, 7.721
-1.9265437263314356, -0.7910487566987194, 7.731
-1.9266637843024899, -0.7908839407749941, 7.741
-1.9267625143010987, -0.7907148852976785, 7.751
-1.9268537413138525, -0.7905484832434512, 7.761
-1.9269490749398557, -0.7903832552593275, 7.771
-1.9270443820325107, -0.7902219007580488, 7.781
-1.9271323785086008, -0.7900560133897149, 7.791
-1.927225197753621, -0.7898893612557009, 7.801
-1.927312662949424, -0.7897289856968044, 7.811
-1.927388501945064, -0.7895712667949841, 7.821
-1.9274736345069485, -0.7894147037833521, 7.8309999999999995
-1.9275628632444775, -0.7892603576100067, 7.841
-1.9276615494407956, -0.7891029421410118, 7.851
-1.9277598363204314, -0.7889505906010119, 7.861
-1.9278459183998136, -0.7887942794259118, 7.871
-1.9279322033214583, -0.788637180420455, 7.881
-1.9280224872778589, -0.7884783196488617, 7.891
-1.9281246766458942, -0.7883170244553336, 7.901
-1.9281929880210198, -0.7881737231857815, 7.911
-1.9282833018282017, -0.7880292685054365, 7.921
-1.928352166919063, -0.7878896388804686, 7.931
-1.9284364491073882, -0.7877499656869617, 7.941
-1.9285182854179195, -0.7876073189722939, 7.951
-1.9285892100621391, -0.7874642196666615, 7.961
-1.928659464724417, -0.7873196395658654, 7.971
-1.9287502326781145, -0.787169643646192, 7.981
-1.9288425100453428, -0.7870226955693627, 7.991
-1.9289201154097153, -0.7868826366670376, 8.001
-1.929004327949113, -0.7867590153769682, 8.011
-1.9290934117016725, -0.7866368037074506, 8.021
-1.9291834469939915, -0.78651351373873, 8.031
-1.9292454162062413, -0.7863916455776225, 8.041
-1.9293221339239268, -0.7862779303768397, 8.051
-1.9293970971621233, -0.7861582615793343, 8.061
-1.9294568531413572, -0.7860324886719259, 8.071
-1.92953711428364, -0.7859013839257968, 8.081
-1.9296153673434244, -0.7857762822022967, 8.091
-1.9296943491785383, -0.7856492079780764, 8.101
-1.9297627270957152, -0.7855328794276054, 8.111
-1.9298382231116058, -0.7854147976863682, 8.121
-1.9299163269095567, -0.78530023327682, 8.131
-1.9299507520754777, -0.7851950193269586, 8.141
-1.9300016669657054, -0.7850848644693189, 8.151
-1.9300628454921949, -0.7849742290302018, 8.161
-1.9301199266728135, -0.7848646259375034, 8.17
-1.9301633637140656, -0.7847517950009961, 8.181
-1.9301802813531486, -0.784651193345435, 8.191
-1.9302493223843495, -0.7845376016786002, 8.201
-1.9303056507927043, -0.784433146563865, 8.211
-1.930326418060115, -0.7843466516204483, 8.221
-1.9303654743076075, -0.784252980703527, 8.231
-1.9304257561869789, -0.784156970847635, 8.241
-1.9304864056578466, -0.7840613320404732, 8.251
-1.9305451981603845, -0.7839634806515432, 8.261
-1.9305988003069832, -0.7838613427010186, 8.271
-1.9306198616833434, -0.7837709270591762, 8.281
-1.9306380189811814, -0.7836838670924412, 8.291
-1.9306543043732831, -0.783595164239802, 8.301
-1.930687229945274, -0.7835129036511881, 8.311
-1.930753536442228, -0.7834192943393873, 8.321
-1.930821072538789, -0.7833249710186061, 8.331
-1.9308885481855627, -0.783230537292607, 8.341
-1.9309567498559244, -0.7831362723215056, 8.350999999999999
-1.9310247269548815, -0.7830409595322575, 8.361
-1.931091803865765, -0.782944882108362, 8.371
-1.9311601370491327, -0.7828491263666562, 8.381
-1.9312297620166623, -0.7827568562577759, 8.391
-1.931262096740198, -0.7826736267334921, 8.401
-1.9312895848114968, -0.7826005944674298, 8.411
-1.931328504323332, -0.7825271563063081, 8.421
-1.931370305981415, -0.7824507207972308, 8.431
-1.9314340233874256, -0.7823684886347154, 8.441
-1.9314966366990416, -0.782284853736019, 8.451
-1.931559695378851, -0.782201343805808, 8.461
-1.9316227250720528, -0.7821179023806201, 8.47
-1.9316865383226585, -0.7820344450637149, 8.481
-1.9317496671829524, -0.7819511703143585, 8.491
-1.9318012623431744, -0.7818733956470536, 8.501
-1.9318362215755331, -0.7818086629844575, 8.511
-1.9318737998539486, -0.7817431098931509, 8.521
-1.931880326166968, -0.781691597355302, 8.531
-1.9319016350757028, -0.7816331284143134, 8.541
-1.9319523567725052, -0.7815618378348108, 8.551
-1.932011563421923, -0.7814886400700843, 8.561
-1.932071679867517, -0.7814155159389973, 8.571
-1.9321324747786004, -0.781342123348853, 8.581
-1.9321921574826078, -0.7812694513625792, 8.59
-1.9322529505644717, -0.7811970372930368, 8.600999999999999
-1.9323108291450801, -0.7811303702865631, 8.611
-1.9323685186565478, -0.7810643061742936, 8.621
-1.932429930112656, -0.7810010500673135, 8.631
-1.932489656742288, -0.7809356985049598, 8.641
-1.9325488023283974, -0.7808699867728873, 8.651
-1.9326065857800172, -0.7808036239736655, 8.661
-1.9326658876349352, -0.7807379276705761, 8.671
-1.932723596317737, -0.7806716985070314, 8.681000000000001
-1.9327839248482623, -0.7806059320355936, 8.691
-1.9328415067394893, -0.7805403962852349, 8.701
-1.9328940493455284, -0.7804825356895849, 8.711
-1.9329495936603742, -0.780425696326835, 8.721
-1.9330003814919565, -0.7803688499751513, 8.731
-1.9330531687806496, -0.780311885077185, 8.741
-1.9331064618574945, -0.7802552225394175, 8.751
-1.9331592108728766, -0.7801984377783575, 8.761
-1.9332120817992504, -0.7801418521781424, 8.771
-1.9332648629048788, -0.7800851702767457, 8.781
-1.933318922010732, -0.7800285597385971, 8.791
-1.9333702751314035, -0.7799719296046959, 8.801
-1.9334162367546308, -0.7799207620817645, 8.811
-1.9334664491808535, -0.7798701000857281, 8.821
-1.9335108003494534, -0.7798192297898148, 8.831
-1.9335583700647425, -0.7797674519218972, 8.841
-1.9336091864791785, -0.7797148765804167, 8.850999999999999
-1.9336566483575968, -0.7796637389072338, 8.861
-1.9337065690224517, -0.7796124385441082, 8.871
-1.9337538632826563, -0.7795612956943231, 8.881
-1.9338077929005046, -0.7795100030095554, 8.891
-1.9338579510189313, -0.7794589071151037, 8.901
-1.9339127240343117, -0.7794160785698352, 8.911
-1.933959958044022, -0.7793729847977499, 8.921
-1.934009317385004, -0.7793279052125571, 8.931000000000001
-1.9340554860027108, -0.7792850819944914, 8.941
-1.934100717315673, -0.7792435948618, 8.951
-1.9341453121151988, -0.7792006667103066, 8.961
-1.9341912043253775, -0.7791581035028567, 8.971
-1.9342358320158823, -0.7791152307514576, 8.981
-1.9342802771490397, -0.7790722438995261, 8.991
-1.934324924584318, -0.7790292200632889, 9.001
-1.9343651862171216, -0.7789918434164856, 9.011
-1.9344043012358545, -0.7789535504983255, 9.021
-1.9344439902507298, -0.7789156641627677, 9.031
-1.9344843223497583, -0.7788781825734593, 9.041
-1.934523024183511, -0.7788402736849862, 9.051
-1.9345625917130536, -0.7788024567166405, 9.061
-1.934603213801337, -0.7787652472153022, 9.071
-1.9346440826558804, -0.7787273653109881, 9.081
-1.9346838455319901, -0.7786889788495859, 9.091
-1.9347254880897566, -0.7786511136258975, 9.101
-1.9347625414449559, -0.7786162487792343, 9.111
-1.9348007486820662, -0.7785819989317371, 9.121
-1.9348392159603933, -0.7785476147542785, 9.131
-1.9348777411042237, -0.7785135235864828, 9.141
-1.934915954070701, -0.7784790988737234, 9.151
-1.934954125511659, -0.778444683219055, 9.161
-1.9349922682830152, -0.7784103026879071, 9.171
-1.9350317402380703, -0.7783768896023178, 9.181
-1.9350691772802728, -0.7783425247513902, 9.19
-1.9351073254946163, -0.778307903775946, 9.201
-1.9351379841362895, -0.7782803180045595, 9.211
-1.9351747750749644, -0.7782540502102366, 9.221
-1.935206413274612, -0.778227283659918, 9.231
-1.935242947270532, -0.7782009494865144, 9.241
-1.9352748644515574, -0.7781742225895002, 9.251
-1.9353103667163294, -0.778147546484401, 9.261
-1.9353481458713684, -0.7781204582668545, 9.271
-1.9353799770129567, -0.7780934068607921, 9.281
-1.9354163245113045, -0.7780668458321953, 9.291
-1.935449215178295, -0.7780401459186717, 9.301
-1.9354819854147163, -0.7780163907891307, 9.311
-1.9355122344663043, -0.7779930459518228, 9.321
-1.9355449216094274, -0.7779693582552255, 9.331
-1.9355754899488384, -0.7779460567668477, 9.341
-1.9356078093437794, -0.7779225598904718, 9.350999999999999
-1.9356376696718884, -0.7778989599282209, 9.361
-1.9356702046728493, -0.7778757485128767, 9.371
-1.935700773724295, -0.7778522999834651, 9.381
-1.9357332533099478, -0.777828729314463, 9.391
-1.9357639253923113, -0.7778058206113745, 9.401
-1.9357941275855384, -0.7777863341032282, 9.411
-1.935822588340632, -0.7777675757942556, 9.421
-1.9358545594272412, -0.7777488152721501, 9.431
-1.9358813086678408, -0.7777294593618388, 9.441
-1.9359137773403996, -0.7777102067715549, 9.451
-1.935946136086042, -0.7776909483218307, 9.461
-1.935972904783329, -0.777672644457343, 9.471
-1.936002466263138, -0.777652838049649, 9.481
-1.9360336377082545, -0.7776339939668359, 9.491
-1.9360643018301602, -0.7776141096850717, 9.501
-1.9360910195423915, -0.7775963299796149, 9.511
-1.9361194066293612, -0.7775783261459235, 9.521
-1.9361452958779521, -0.7775606343098229, 9.531
-1.9361718955462763, -0.7775429514547708, 9.541
-1.9362006168406605, -0.7775246293619658, 9.551
-1.9362267468995484, -0.7775069087777289, 9.561
-1.936254441779466, -0.7774894449720355, 9.571
-1.9362828397416023, -0.777471628977713, 9.581
-1.936307247604156, -0.777453478194651, 9.591
-1.9363346844022469, -0.7774358358206392, 9.600999999999999
-1.9363651483768125, -0.7774204165664351, 9.611
-1.9363891390998191, -0.7774061834781983, 9.621
-1.9364175525978093, -0.7773910257057718, 9.631
-1.9364436859685359, -0.7773763041345334, 9.641
-1.9364716540972755, -0.7773613812852951, 9.651
-1.9364960815769041, -0.7773462389858177, 9.661
-1.9365246137305545, -0.7773319251815481, 9.671
-1.9365513478950702, -0.7773172477039916, 9.681000000000001
-1.936578715227107, -0.7773025743741084, 9.691
-1.9366062993688007, -0.777287778183718, 9.701
-1.9366309787364353, -0.7772744902159333, 9.71
-1.9366575158010306, -0.777261387427925, 9.721
-1.9366835292816873, -0.7772482387687172, 9.731
-1.9367097252175824, -0.7772353929529604, 9.741
-1.9367363478338544, -0.7772211611872836, 9.751
-1.936758951915079, -0.7772078401707803, 9.761
-1.9367870926070883, -0.7771943848566885, 9.771
-1.9368125408709085, -0.7771801084782022, 9.781
-1.9368402432937628, -0.7771662268975082, 9.791
-1.9368668073655078, -0.7771522038154872, 9.801
-1.936890912228263, -0.777139158957789, 9.811
-1.9369150941009539, -0.777126341048692, 9.821
-1.9369385601217564, -0.7771130989862868, 9.831
-1.9369629988416834, -0.7771011652655895, 9.841
-1.9369896431047333, -0.7770886594703853, 9.850999999999999
-1.9370104754449238, -0.7770756446995026, 9.861
-1.9370378771423449, -0.7770629115320451, 9.871
-1.937059926292188, -0.7770509848922915, 9.88
-1.9370837051945353, -0.7770382006651078, 9.891
-1.9371079594051774, -0.7770259312934171, 9.901
-1.9371317631906702, -0.7770161693517832, 9.911
-1.9371552829440208, -0.7770064642535427, 9.921
-1.9371796067732692, -0.7769970864314613, 9.931000000000001
-1.9372029627107759, -0.7769873755528073, 9.941
-1.9372261291238402, -0.7769786225627796, 9.951
-1.9372526125338918, -0.776969600987777, 9.961
-1.9372742360514223, -0.7769604144525222, 9.971
-1.9373030185458124, -0.776949750511889, 9.981
-1.9373348865454574, -0.776939904646731, 9.99
-1.9373548473568791, -0.7769300427804882, 10.001
-1.9373799333329673, -0.776924583413094, 10.011
-1.9374004558542643, -0.7769191489070626, 10.021
-1.9374225514494805, -0.7769131201335671, 10.031
-1.9374446120276876, -0.7769061335270118, 10.041
-1.9374695085012335, -0.7769011334557254, 10.051
-1.9374901204689583, -0.7768958223032255, 10.061
-1.9375135420178906, -0.7768902627165696, 10.071
-1.9375383338495014, -0.7768843544962872, 10.081
-1.9375591871148135, -0.7768768611563087, 10.091
-1.9375795207943223, -0.776872687782186, 10.101
-1.9376027005081795, -0.77687191696203, 10.111
-1.9376271917309054, -0.7768704249433566, 10.121
-1.937647249313353, -0.7768694093819659, 10.131
-1.9376702064060949, -0.7768682585028521, 10.141
-1.937694482431114, -0.7768666951497651, 10.151
-1.937714839385753, -0.7768657340641031, 10.161
-1.9377349927814513, -0.7768629124537298, 10.171
-1.9377583604885784, -0.7768625619997104, 10.181
-1.9377824272115258, -0.7768610184741511, 10.191
-1.9378024164323122, -0.776860153441579, 10.201
-1.9378243947950222, -0.7768599457112452, 10.211
-1.9378474761660682, -0.7768591979772704, 10.221
-1.9378664265699836, -0.7768591435742402, 10.231
-1.9378881271957553, -0.7768588483842314, 10.241
-1.9379081703360332, -0.7768577336893687, 10.251
-1.937929313688056, -0.7768582432971709, 10.261
-1.9379496741898692, -0.7768581779108692, 10.271
-1.9379703802296235, -0.7768576142582622, 10.281
-1.937990762444035, -0.7768570144592053, 10.291
-1.9380124000643673, -0.7768565513089811, 10.301
-1.9380327926110184, -0.7768534152567584, 10.311
-1.9380533148481012, -0.7768501965406611, 10.321
-1.9380751851761842, -0.7768456576854503, 10.331
-1.938093036359908, -0.7768419119767452, 10.341
-1.938113310916692, -0.7768379898361396, 10.350999999999999
-1.9381358772275712, -0.7768347928256796, 10.361
-1.9381539365540132, -0.7768313505993993, 10.371
-1.9381731158669282, -0.7768279782767948, 10.381
-1.93819357968376, -0.7768272422052912, 10.391
-1.938214333655802, -0.7768237881609912, 10.401
-1.9382285762579805, -0.7768294440449526, 10.411
-1.9382445770727075, -0.7768374933172221, 10.421
-1.9382561042702984, -0.7768441125320235, 10.431
-1.938268869250307, -0.7768514001206966, 10.441
-1.9382841109697413, -0.7768592354820935, 10.451
-1.938295308031203, -0.776865730274425, 10.46
-1.9383077837645846, -0.7768728881995233, 10.471
-1.9383226761052748, -0.7768805499345842, 10.481
-1.938333625736142, -0.7768869097532246, 10.491
-1.938345864762988, -0.7768939385148641, 10.501
-1.9383606608043265, -0.776900411110498, 10.511
-1.9383715489812825, -0.776905801146377, 10.521
-1.9383837274150302, -0.7769118594174811, 10.531
-1.9383982613561281, -0.7769180870278801, 10.541
-1.9384089360792711, -0.7769233536730112, 10.551
-1.9384208924681294, -0.77692929655073, 10.561
-1.9384351646851086, -0.776935403085275, 10.571
-1.9384456645887511, -0.7769406235390822, 10.581
-1.9384574510531905, -0.7769465660919249, 10.591
-1.9384715403736388, -0.7769527202252808, 10.600999999999999
-1.938482107793993, -0.7769572172281924, 10.611
-1.9384936486009083, -0.7769603187542695, 10.621
-1.9385070176091488, -0.7769618703432513, 10.631
-1.938516871708406, -0.7769638857302232, 10.641
-1.9385279310383783, -0.7769657403191929, 10.651
-1.9385411506094123, -0.7769676242240673, 10.661
-1.9385508609293098, -0.7769697692856574, 10.671
-1.9385618372893785, -0.7769717545782763, 10.681000000000001
-1.9385747890417235, -0.7769737252534777, 10.691
-1.9385846390068835, -0.7769721587032573, 10.701
-1.938598799842505, -0.7769633675870473, 10.711
-1.938615355579651, -0.776950655442106, 10.721
-1.9386308637943435, -0.7769355648481657, 10.731
-1.9386467953247393, -0.7769209004837715, 10.741
-1.9386623734590944, -0.7769047299709889, 10.751
-1.9386813648583328, -0.7768893685173859, 10.761
-1.9387019073808995, -0.7768733829828955, 10.771
-1.9387186176124434, -0.7768578186154238, 10.781
-1.938737699215805, -0.7768420541485674, 10.791
-1.9387579371108055, -0.7768259602016968, 10.801
-1.938773892194463, -0.7768109172744616, 10.811
-1.93879055841023, -0.7767953962849456, 10.821
-1.9388069427889416, -0.7767798787242707, 10.831
-1.9388263384233182, -0.776764914761537, 10.841
-1.9388421333329902, -0.7767499605052387, 10.850999999999999
-1.938860143895946, -0.7767347164806435, 10.861
-1.9388792500775334, -0.7767191173330802, 10.871
-1.938894914394712, -0.7767041059236345, 10.881
-1.9389114925830313, -0.7766886473890269, 10.891
-1.9389277763216677, -0.7766732648161836, 10.901
-1.9389463464630199, -0.7766593466790501, 10.911
-1.9389612899283175, -0.7766454941802567, 10.921
-1.9389782916293719, -0.7766312921335234, 10.931000000000001
-1.9389963281612959, -0.7766167078784413, 10.941
-1.9390110731405346, -0.7766026712717083, 10.951
-1.9390232012666488, -0.7765875577221333, 10.961
-1.9390408605712781, -0.7765739181380064, 10.971
-1.9390581037310857, -0.7765601104172636, 10.981
-1.9390744887299467, -0.7765459198197295, 10.991
-1.9390907273528646, -0.7765317274087632, 11.001
-1.9391050481850354, -0.7765182781584486, 11.011
-1.9391210550181632, -0.7765052704000004, 11.021
-1.9391345971174885, -0.7764910061156188, 11.031
-1.9391507432407469, -0.7764763494894377, 11.041
-1.939165757770032, -0.776462195894499, 11.051
-1.9391833246194938, -0.7764500597098175, 11.061
-1.9391990978815155, -0.7764378422849508, 11.071
-1.9392126365147928, -0.7764259927425807, 11.081
-1.9392269280883183, -0.7764123967184902, 11.091
-1.9392428699504496, -0.7763997479271499, 11.101
-1.9392542207529526, -0.7763867682128572, 11.111
-1.9392685528733975, -0.7763730300557263, 11.121
-1.9392820019235573, -0.7763613618167078, 11.131
-1.9392968973027636, -0.7763489454711247, 11.141
-1.9393125840220604, -0.7763360597245851, 11.151
-1.9393251806941938, -0.7763238147157838, 11.161
-1.939339751673105, -0.7763113021932022, 11.171
-1.9393543205726538, -0.7762996737143038, 11.181
-1.9393652539726887, -0.77628696579036, 11.191
-1.9393799763172044, -0.7762744899149034, 11.201
-1.9393951314368523, -0.776263182468374, 11.211
-1.9394072655176928, -0.7762522944523347, 11.221
-1.9394209928308686, -0.7762410337514372, 11.231
-1.9394355614928522, -0.7762294682899692, 11.241
-1.939447522861548, -0.7762185284468033, 11.251
-1.939461186259248, -0.7762072722490011, 11.261
-1.9394740665446604, -0.7761962431747985, 11.271
-1.939484290222219, -0.776184599196241, 11.28
-1.9394986635953222, -0.7761743625645602, 11.291
-1.9395115545873547, -0.7761630559348807, 11.301
-1.9395248379416827, -0.7761534896694205, 11.311
-1.939535482676269, -0.7761439139338804, 11.321
-1.9395462465959126, -0.7761344100466274, 11.331
-1.93955548387092, -0.7761242418528065, 11.341
-1.9395651921398809, -0.7761147866802254, 11.350999999999999
-1.9395735608399058, -0.7761060804821199, 11.361
-1.9395835204009562, -0.7760959353603167, 11.371
-1.9395951252455133, -0.7760875102238798, 11.381
-1.939605907892056, -0.7760780123268757, 11.39
-1.9396167721356443, -0.7760679426879211, 11.4
-1.9396255907979785, -0.7760600414258303, 11.411
-1.939634528791569, -0.7760507859033516, 11.421
-1.9396412897492634, -0.7760420663892605, 11.431
-1.9396484829779728, -0.776032570813737, 11.441
-1.9396561227105946, -0.7760253195352298, 11.451
-1.9396633741702602, -0.7760151324434321, 11.461
-1.9396778958595808, -0.776012690784238, 11.471
-1.9396851183188197, -0.7760111857091747, 11.481
-1.9396969833974416, -0.7760167304888519, 11.491
-1.9397049726810225, -0.7760214076195924, 11.501
-1.9397137723140019, -0.7760267877979957, 11.511
-1.9397242944400113, -0.7760321932532325, 11.52
-1.9397315496401846, -0.7760364555594592, 11.531
-1.9397398921383553, -0.7760412591871775, 11.541
-1.9397494567675084, -0.7760459882807079, 11.551
-1.9397564067604105, -0.7760502207621622, 11.561
-1.9397646688142542, -0.7760553475694806, 11.571
-1.9397750136826224, -0.7760604092593488, 11.581
-1.9397820400016694, -0.7760646434227901, 11.591
-1.939790882215857, -0.7760697991486303, 11.600999999999999
-1.939801151810521, -0.7760743497058812, 11.611
-1.939804991258132, -0.776074654964119, 11.621
-1.9398081613778282, -0.7760646490136159, 11.631
-1.9398127177589124, -0.7760528056183498, 11.641
-1.9398175442442434, -0.7760411175421438, 11.651
-1.9398223859866388, -0.7760300435651095, 11.661
-1.9398273431497726, -0.7760184665529514, 11.671
-1.9398323775082433, -0.7760071967330264, 11.681000000000001
-1.9398372597075202, -0.7759961368742356, 11.691
-1.939842215556606, -0.7759846597890077, 11.701
-1.9398475638618862, -0.7759728308357169, 11.711
-1.939853091870563, -0.7759610462148518, 11.721
-1.9398585295481756, -0.7759493001257209, 11.731
-1.9398656352479822, -0.7759377163055674, 11.741
-1.9398710717483119, -0.7759256595210665, 11.751
-1.9398763376859365, -0.775914622600501, 11.761
-1.9398822879778415, -0.7759030144654063, 11.771
-1.9398876194687498, -0.7758911267618391, 11.781
-1.9398930398289485, -0.7758795641892205, 11.791
-1.93989473600963, -0.7758699991550974, 11.801
-1.93990137163308, -0.7758636475335742, 11.811
-1.9399064159335595, -0.7758537977560382, 11.821
-1.9399129721888677, -0.7758451087516245, 11.831
-1.9399192569425112, -0.7758361457848623, 11.841
-1.9399242782980264, -0.7758271131853394, 11.850999999999999
-1.9399302857035157, -0.7758177675020749, 11.861
-1.9399351496988264, -0.7758076361488366, 11.871
-1.9399400057850709, -0.7757974226327413, 11.881
-1.939944915740808, -0.7757873513512353, 11.891
-1.939949902564556, -0.7757771157131086, 11.901
-1.9399541173454071, -0.7757679454997906, 11.911
-1.9399586773933344, -0.7757592305511766, 11.921
-1.939962550871188, -0.775749834033464, 11.931000000000001
-1.9399665355058215, -0.7757399697811034, 11.941
-1.9399705973674275, -0.7757304048965493, 11.951
-1.9399745209488568, -0.7757211522357248, 11.961
-1.9399785117904378, -0.775711321892416, 11.971
-1.9399824556775835, -0.7757017082172827, 11.981
-1.9399852520441612, -0.775695174148964, 11.991
-1.9399961378413002, -0.775700831464571, 12.001
-1.9400022436972217, -0.7757052737841477, 12.01
-1.9400095753911948, -0.775709956266856, 12.021
-1.9400177053488405, -0.7757145366098646, 12.031
-1.940023526553259, -0.7757185355858577, 12.041
-1.9400307745852752, -0.7757232190048065, 12.051
-1.940038835391927, -0.7757277563446261, 12.061
-1.940044625798682, -0.7757317293630299, 12.071
-1.9400518468995176, -0.775736387850041, 12.081
-1.9400598775902955, -0.7757408924512954, 12.091
-1.9400656473597568, -0.7757448445307028, 12.101
-1.9400726053557191, -0.7757491921620238, 12.111
-1.9400802433188493, -0.7757532314729538, 12.121
-1.9400857058086916, -0.775756827426643, 12.131
-1.9400926041402407, -0.7757611110832798, 12.141
-1.9401002066905146, -0.7757651217594328, 12.151
-1.940105648575189, -0.7757687002444766, 12.161
-1.9401125281849212, -0.7757729688054702, 12.171
-1.9401200803280654, -0.7757769100869676, 12.181
-1.9401254651926199, -0.7757803953596252, 12.191
-1.9401322964933183, -0.7757845662658829, 12.201
-1.9401395893664366, -0.775788140513079, 12.211
-1.9401448088218631, -0.7757914277133192, 12.221
-1.940150955467182, -0.775794196891824, 12.231
-1.940151242982041, -0.7757888728770292, 12.241
-1.9401524845357958, -0.7757786460442792, 12.251
-1.9401543394475722, -0.7757686723666092, 12.261
-1.9401564863709768, -0.7757588083088911, 12.271
-1.9401586425457051, -0.7757489324182149, 12.281
-1.9401607402301269, -0.7757398309964499, 12.291
-1.9401628735369556, -0.7757299283114236, 12.301
-1.9401647560251891, -0.7757194569244116, 12.311
-1.940166465416104, -0.775709299065974, 12.321
-1.9401681630568492, -0.7756982842602598, 12.331
-1.940169745465542, -0.7756888197136609, 12.341
